"time","ano","CA","CV","partida"
"AC Milan",2006,21,2,"casa"
"AC Milan",2007,32,2,"casa"
"AC Milan",2008,29,3,"casa"
"AC Milan",2009,35,3,"casa"
"AC Milan",2010,23,2,"casa"
"AC Milan",2011,41,2,"casa"
"AC Milan",2012,41,2,"casa"
"AC Milan",2013,35,4,"casa"
"AC Milan",2014,42,4,"casa"
"AC Milan",2015,41,1,"casa"
"AC Milan",2016,40,3,"casa"
"AC Milan",2017,30,2,"casa"
"AC Milan",2018,36,3,"casa"
"AC Milan",2019,43,1,"casa"
"AC Milan",2020,1,0,"casa"
"AFC Bournemouth",2015,25,0,"casa"
"AFC Bournemouth",2016,24,1,"casa"
"AFC Bournemouth",2017,31,1,"casa"
"AFC Bournemouth",2018,36,1,"casa"
"AFC Bournemouth",2019,36,2,"casa"
"Alavés",2016,58,1,"casa"
"Alavés",2017,65,4,"casa"
"Alavés",2018,50,0,"casa"
"Alavés",2019,62,1,"casa"
"Almería",2007,54,1,"casa"
"Almería",2008,50,6,"casa"
"Almería",2009,43,4,"casa"
"Almería",2010,45,1,"casa"
"Almería",2013,48,4,"casa"
"Almería",2014,58,6,"casa"
"América-MG",2016,0,0,NA
"América-MG",2018,0,0,NA
"Arsenal",2006,27,0,"casa"
"Arsenal",2007,17,1,"casa"
"Arsenal",2008,25,1,"casa"
"Arsenal",2009,24,1,"casa"
"Arsenal",2010,31,3,"casa"
"Arsenal",2011,36,1,"casa"
"Arsenal",2012,20,1,"casa"
"Arsenal",2013,21,1,"casa"
"Arsenal",2014,27,1,"casa"
"Arsenal",2015,20,1,"casa"
"Arsenal",2016,34,3,"casa"
"Arsenal",2017,25,1,"casa"
"Arsenal",2018,40,0,"casa"
"Arsenal",2019,42,2,"casa"
"Ascoli",2006,59,5,"casa"
"Aston Villa",2006,22,0,"casa"
"Aston Villa",2007,26,2,"casa"
"Aston Villa",2008,16,0,"casa"
"Aston Villa",2009,23,0,"casa"
"Aston Villa",2010,35,1,"casa"
"Aston Villa",2011,25,2,"casa"
"Aston Villa",2012,32,3,"casa"
"Aston Villa",2013,35,0,"casa"
"Aston Villa",2014,28,4,"casa"
"Aston Villa",2015,35,1,"casa"
"Aston Villa",2019,34,0,"casa"
"Atalanta",2006,41,1,"casa"
"Atalanta",2007,49,2,"casa"
"Atalanta",2008,40,4,"casa"
"Atalanta",2009,61,3,"casa"
"Atalanta",2011,50,1,"casa"
"Atalanta",2012,54,7,"casa"
"Atalanta",2013,38,0,"casa"
"Atalanta",2014,49,7,"casa"
"Atalanta",2015,41,4,"casa"
"Atalanta",2016,40,0,"casa"
"Atalanta",2017,30,2,"casa"
"Atalanta",2018,28,0,"casa"
"Atalanta",2019,38,1,"casa"
"Atalanta",2020,2,0,"casa"
"Athletic Bilbao",2006,41,4,"casa"
"Athletic Bilbao",2007,59,3,"casa"
"Athletic Bilbao",2008,59,6,"casa"
"Athletic Bilbao",2009,33,4,"casa"
"Athletic Bilbao",2010,49,5,"casa"
"Athletic Bilbao",2011,49,6,"casa"
"Athletic Bilbao",2012,51,3,"casa"
"Athletic Bilbao",2013,36,3,"casa"
"Athletic Bilbao",2014,48,1,"casa"
"Athletic Bilbao",2015,36,3,"casa"
"Athletic Bilbao",2016,40,0,"casa"
"Athletic Bilbao",2017,37,0,"casa"
"Athletic Bilbao",2018,63,2,"casa"
"Athletic Bilbao",2019,52,1,"casa"
"Athletico-PR",2013,0,0,NA
"Athletico-PR",2014,0,0,NA
"Athletico-PR",2015,0,0,NA
"Athletico-PR",2016,0,0,NA
"Athletico-PR",2017,0,0,NA
"Athletico-PR",2018,0,0,NA
"Athletico-PR",2019,0,0,NA
"Athletico-PR",2020,0,0,NA
"Atlético de Madrid",2006,45,6,"casa"
"Atlético de Madrid",2007,56,6,"casa"
"Atlético de Madrid",2008,54,4,"casa"
"Atlético de Madrid",2009,42,1,"casa"
"Atlético de Madrid",2010,48,5,"casa"
"Atlético de Madrid",2011,56,1,"casa"
"Atlético de Madrid",2012,45,2,"casa"
"Atlético de Madrid",2013,41,0,"casa"
"Atlético de Madrid",2014,45,2,"casa"
"Atlético de Madrid",2015,45,0,"casa"
"Atlético de Madrid",2016,32,2,"casa"
"Atlético de Madrid",2017,50,2,"casa"
"Atlético de Madrid",2018,52,1,"casa"
"Atlético de Madrid",2019,40,2,"casa"
"Atlético-GO",2012,0,0,NA
"Atlético-GO",2017,0,0,NA
"Atlético-GO",2020,0,0,NA
"Atlético-MG",2012,0,0,NA
"Atlético-MG",2013,0,0,NA
"Atlético-MG",2014,0,0,NA
"Atlético-MG",2015,0,0,NA
"Atlético-MG",2016,0,0,NA
"Atlético-MG",2017,0,0,NA
"Atlético-MG",2018,0,0,NA
"Atlético-MG",2019,0,0,NA
"Atlético-MG",2020,0,0,NA
"Avaí-SC",2015,0,0,NA
"Avaí-SC",2017,0,0,NA
"Avaí-SC",2019,0,0,NA
"Bahia-BA",2012,0,0,NA
"Bahia-BA",2013,0,0,NA
"Bahia-BA",2014,0,0,NA
"Bahia-BA",2017,0,0,NA
"Bahia-BA",2018,0,0,NA
"Bahia-BA",2019,0,0,NA
"Bahia-BA",2020,0,0,NA
"Barcelona",2006,33,4,"casa"
"Barcelona",2007,36,2,"casa"
"Barcelona",2008,36,3,"casa"
"Barcelona",2009,28,3,"casa"
"Barcelona",2010,35,0,"casa"
"Barcelona",2011,33,2,"casa"
"Barcelona",2012,16,0,"casa"
"Barcelona",2013,28,1,"casa"
"Barcelona",2014,31,2,"casa"
"Barcelona",2015,26,1,"casa"
"Barcelona",2016,30,0,"casa"
"Barcelona",2017,30,1,"casa"
"Barcelona",2018,33,2,"casa"
"Barcelona",2019,46,3,"casa"
"Bari",2009,24,1,"casa"
"Bari",2010,27,5,"casa"
"Benevento",2017,38,2,"casa"
"Betis",2006,46,5,"casa"
"Betis",2007,46,3,"casa"
"Betis",2008,40,8,"casa"
"Betis",2011,44,1,"casa"
"Betis",2012,61,4,"casa"
"Betis",2013,51,6,"casa"
"Betis",2015,58,3,"casa"
"Betis",2016,50,2,"casa"
"Betis",2017,35,1,"casa"
"Betis",2018,47,0,"casa"
"Betis",2019,58,6,"casa"
"Birmingham",2007,29,2,"casa"
"Birmingham",2009,36,1,"casa"
"Birmingham",2010,24,2,"casa"
"Blackburn",2006,41,4,"casa"
"Blackburn",2007,33,4,"casa"
"Blackburn",2008,30,1,"casa"
"Blackburn",2009,28,1,"casa"
"Blackburn",2010,24,1,"casa"
"Blackburn",2011,39,1,"casa"
"Blackpool",2010,22,0,"casa"
"Bologna",2008,39,3,"casa"
"Bologna",2009,31,1,"casa"
"Bologna",2010,37,2,"casa"
"Bologna",2011,45,3,"casa"
"Bologna",2012,46,1,"casa"
"Bologna",2013,50,3,"casa"
"Bologna",2015,49,2,"casa"
"Bologna",2016,38,5,"casa"
"Bologna",2017,50,1,"casa"
"Bologna",2018,35,2,"casa"
"Bologna",2019,49,5,"casa"
"Bologna",2020,3,0,"casa"
"Bolton",2006,29,0,"casa"
"Bolton",2007,32,0,"casa"
"Bolton",2008,22,0,"casa"
"Bolton",2009,34,2,"casa"
"Bolton",2010,29,4,"casa"
"Bolton",2011,23,2,"casa"
"Botafogo-RJ",2012,0,0,NA
"Botafogo-RJ",2013,0,0,NA
"Botafogo-RJ",2014,0,0,NA
"Botafogo-RJ",2016,0,0,NA
"Botafogo-RJ",2017,0,0,NA
"Botafogo-RJ",2018,0,0,NA
"Botafogo-RJ",2019,0,0,NA
"Botafogo-RJ",2020,0,0,NA
"Bragantino-SP",2020,0,0,NA
"Brescia",2010,45,2,"casa"
"Brescia",2019,47,4,"casa"
"Brescia",2020,1,0,"casa"
"Brighton",2017,37,1,"casa"
"Brighton",2018,30,2,"casa"
"Brighton",2019,27,1,"casa"
"Burnley",2009,20,0,"casa"
"Burnley",2014,33,0,"casa"
"Burnley",2016,35,0,"casa"
"Burnley",2017,27,0,"casa"
"Burnley",2018,33,0,"casa"
"Burnley",2019,30,0,"casa"
"Cagliari",2006,21,2,"casa"
"Cagliari",2007,38,5,"casa"
"Cagliari",2008,38,4,"casa"
"Cagliari",2009,35,2,"casa"
"Cagliari",2010,36,0,"casa"
"Cagliari",2011,37,2,"casa"
"Cagliari",2012,47,5,"casa"
"Cagliari",2013,51,4,"casa"
"Cagliari",2014,58,1,"casa"
"Cagliari",2016,47,2,"casa"
"Cagliari",2017,50,3,"casa"
"Cagliari",2018,46,4,"casa"
"Cagliari",2019,52,2,"casa"
"Cardiff",2013,25,0,"casa"
"Cardiff",2018,33,0,"casa"
"Carpi",2015,50,3,"casa"
"Catania",2006,45,4,"casa"
"Catania",2007,48,2,"casa"
"Catania",2008,41,1,"casa"
"Catania",2009,44,4,"casa"
"Catania",2010,30,4,"casa"
"Catania",2011,34,1,"casa"
"Catania",2012,45,6,"casa"
"Catania",2013,42,2,"casa"
"Ceará-CE",2018,0,0,NA
"Ceará-CE",2019,0,0,NA
"Ceará-CE",2020,0,0,NA
"Celta de Vigo",2006,38,6,"casa"
"Celta de Vigo",2012,50,2,"casa"
"Celta de Vigo",2013,38,1,"casa"
"Celta de Vigo",2014,48,3,"casa"
"Celta de Vigo",2015,43,2,"casa"
"Celta de Vigo",2016,46,2,"casa"
"Celta de Vigo",2017,41,0,"casa"
"Celta de Vigo",2018,42,2,"casa"
"Celta de Vigo",2019,51,5,"casa"
"Cesena",2010,39,1,"casa"
"Cesena",2011,48,5,"casa"
"Cesena",2014,51,2,"casa"
"Chapecoense-SC",2014,0,0,NA
"Chapecoense-SC",2015,0,0,NA
"Chapecoense-SC",2016,0,0,NA
"Chapecoense-SC",2017,0,0,NA
"Chapecoense-SC",2018,0,0,NA
"Chapecoense-SC",2019,0,0,NA
"Charlton",2006,29,1,"casa"
"Chelsea",2006,25,1,"casa"
"Chelsea",2007,31,3,"casa"
"Chelsea",2008,18,0,"casa"
"Chelsea",2009,17,2,"casa"
"Chelsea",2010,27,1,"casa"
"Chelsea",2011,31,1,"casa"
"Chelsea",2012,19,2,"casa"
"Chelsea",2013,22,0,"casa"
"Chelsea",2014,36,1,"casa"
"Chelsea",2015,27,3,"casa"
"Chelsea",2016,32,0,"casa"
"Chelsea",2017,19,3,"casa"
"Chelsea",2018,20,0,"casa"
"Chelsea",2019,30,0,"casa"
"Chievo",2006,45,1,"casa"
"Chievo",2008,53,5,"casa"
"Chievo",2009,45,3,"casa"
"Chievo",2010,48,3,"casa"
"Chievo",2011,33,1,"casa"
"Chievo",2012,42,2,"casa"
"Chievo",2013,52,3,"casa"
"Chievo",2014,41,2,"casa"
"Chievo",2015,51,0,"casa"
"Chievo",2016,38,1,"casa"
"Chievo",2017,34,3,"casa"
"Chievo",2018,53,4,"casa"
"Córdoba",2014,39,3,"casa"
"Corinthians-SP",2012,0,0,NA
"Corinthians-SP",2013,0,0,NA
"Corinthians-SP",2014,0,0,NA
"Corinthians-SP",2015,0,0,NA
"Corinthians-SP",2016,0,0,NA
"Corinthians-SP",2017,0,0,NA
"Corinthians-SP",2018,0,0,NA
"Corinthians-SP",2019,0,0,NA
"Corinthians-SP",2020,0,0,NA
"Coritiba-PR",2012,0,0,NA
"Coritiba-PR",2013,0,0,NA
"Coritiba-PR",2014,0,0,NA
"Coritiba-PR",2015,0,0,NA
"Coritiba-PR",2016,0,0,NA
"Coritiba-PR",2017,0,0,NA
"Coritiba-PR",2020,0,0,NA
"Criciúma-SC",2013,0,0,NA
"Criciúma-SC",2014,0,0,NA
"Crotone",2016,40,1,"casa"
"Crotone",2017,28,1,"casa"
"Cruzeiro-MG",2012,0,0,NA
"Cruzeiro-MG",2013,0,0,NA
"Cruzeiro-MG",2014,0,0,NA
"Cruzeiro-MG",2015,0,0,NA
"Cruzeiro-MG",2016,0,0,NA
"Cruzeiro-MG",2017,0,0,NA
"Cruzeiro-MG",2018,0,0,NA
"Cruzeiro-MG",2019,0,0,NA
"Crystal Palace",2013,23,0,"casa"
"Crystal Palace",2014,26,2,"casa"
"Crystal Palace",2015,32,1,"casa"
"Crystal Palace",2016,32,0,"casa"
"Crystal Palace",2017,38,0,"casa"
"Crystal Palace",2018,25,1,"casa"
"Crystal Palace",2019,34,1,"casa"
"CSA-AL",2019,0,0,NA
"Derby",2007,27,1,"casa"
"Eibar",2014,55,2,"casa"
"Eibar",2015,49,1,"casa"
"Eibar",2016,34,3,"casa"
"Eibar",2017,39,2,"casa"
"Eibar",2018,40,1,"casa"
"Eibar",2019,51,1,"casa"
"Elche",2013,59,3,"casa"
"Elche",2014,54,3,"casa"
"Empoli",2006,36,3,"casa"
"Empoli",2007,51,1,"casa"
"Empoli",2014,25,3,"casa"
"Empoli",2015,35,2,"casa"
"Empoli",2016,53,1,"casa"
"Empoli",2018,37,0,"casa"
"Espanyol",2006,43,4,"casa"
"Espanyol",2007,46,2,"casa"
"Espanyol",2008,44,4,"casa"
"Espanyol",2009,49,1,"casa"
"Espanyol",2010,46,1,"casa"
"Espanyol",2011,65,1,"casa"
"Espanyol",2012,56,6,"casa"
"Espanyol",2013,48,5,"casa"
"Espanyol",2014,56,2,"casa"
"Espanyol",2015,56,3,"casa"
"Espanyol",2016,35,1,"casa"
"Espanyol",2017,36,0,"casa"
"Espanyol",2018,40,1,"casa"
"Espanyol",2019,46,2,"casa"
"Everton",2006,34,0,"casa"
"Everton",2007,11,3,"casa"
"Everton",2008,23,1,"casa"
"Everton",2009,20,1,"casa"
"Everton",2010,29,3,"casa"
"Everton",2011,24,1,"casa"
"Everton",2012,29,1,"casa"
"Everton",2013,27,1,"casa"
"Everton",2014,27,0,"casa"
"Everton",2015,23,1,"casa"
"Everton",2016,36,1,"casa"
"Everton",2017,28,1,"casa"
"Everton",2018,24,0,"casa"
"Everton",2019,32,0,"casa"
"Figueirense-SC",2012,0,0,NA
"Figueirense-SC",2014,0,0,NA
"Figueirense-SC",2015,0,0,NA
"Figueirense-SC",2016,0,0,NA
"Fiorentina",2006,33,3,"casa"
"Fiorentina",2007,34,2,"casa"
"Fiorentina",2008,38,3,"casa"
"Fiorentina",2009,31,3,"casa"
"Fiorentina",2010,31,3,"casa"
"Fiorentina",2011,33,1,"casa"
"Fiorentina",2012,40,1,"casa"
"Fiorentina",2013,40,2,"casa"
"Fiorentina",2014,36,0,"casa"
"Fiorentina",2015,35,2,"casa"
"Fiorentina",2016,45,3,"casa"
"Fiorentina",2017,40,2,"casa"
"Fiorentina",2018,45,2,"casa"
"Fiorentina",2019,50,3,"casa"
"Flamengo-RJ",2012,0,0,NA
"Flamengo-RJ",2013,0,0,NA
"Flamengo-RJ",2014,0,0,NA
"Flamengo-RJ",2015,0,0,NA
"Flamengo-RJ",2016,0,0,NA
"Flamengo-RJ",2017,0,0,NA
"Flamengo-RJ",2018,0,0,NA
"Flamengo-RJ",2019,0,0,NA
"Flamengo-RJ",2020,0,0,NA
"Fluminense-RJ",2012,0,0,NA
"Fluminense-RJ",2013,0,0,NA
"Fluminense-RJ",2014,0,0,NA
"Fluminense-RJ",2015,0,0,NA
"Fluminense-RJ",2016,0,0,NA
"Fluminense-RJ",2017,0,0,NA
"Fluminense-RJ",2018,0,0,NA
"Fluminense-RJ",2019,0,0,NA
"Fluminense-RJ",2020,0,0,NA
"Fortaleza-CE",2019,0,0,NA
"Fortaleza-CE",2020,0,0,NA
"Frosinone",2015,52,2,"casa"
"Frosinone",2018,45,0,"casa"
"Fulham",2006,25,3,"casa"
"Fulham",2007,24,3,"casa"
"Fulham",2008,24,1,"casa"
"Fulham",2009,15,0,"casa"
"Fulham",2010,28,1,"casa"
"Fulham",2011,22,0,"casa"
"Fulham",2012,20,3,"casa"
"Fulham",2013,32,0,"casa"
"Fulham",2018,34,1,"casa"
"Genoa",2007,46,4,"casa"
"Genoa",2008,38,7,"casa"
"Genoa",2009,48,4,"casa"
"Genoa",2010,35,3,"casa"
"Genoa",2011,44,5,"casa"
"Genoa",2012,53,0,"casa"
"Genoa",2013,45,1,"casa"
"Genoa",2014,46,2,"casa"
"Genoa",2015,42,5,"casa"
"Genoa",2016,48,5,"casa"
"Genoa",2017,40,2,"casa"
"Genoa",2018,47,4,"casa"
"Genoa",2019,50,2,"casa"
"Genoa",2020,4,2,"casa"
"Getafe",2006,36,5,"casa"
"Getafe",2007,42,4,"casa"
"Getafe",2008,58,4,"casa"
"Getafe",2009,42,0,"casa"
"Getafe",2010,50,5,"casa"
"Getafe",2011,69,4,"casa"
"Getafe",2012,49,5,"casa"
"Getafe",2013,61,4,"casa"
"Getafe",2014,48,1,"casa"
"Getafe",2015,59,1,"casa"
"Getafe",2017,63,3,"casa"
"Getafe",2018,45,4,"casa"
"Getafe",2019,65,2,"casa"
"Gimnàstic",2006,43,3,"casa"
"Girona",2017,45,0,"casa"
"Girona",2018,40,3,"casa"
"Goiás-GO",2013,0,0,NA
"Goiás-GO",2014,0,0,NA
"Goiás-GO",2015,0,0,NA
"Goiás-GO",2019,0,0,NA
"Goiás-GO",2020,0,0,NA
"Granada",2011,56,8,"casa"
"Granada",2012,57,3,"casa"
"Granada",2013,47,5,"casa"
"Granada",2014,53,2,"casa"
"Granada",2015,62,3,"casa"
"Granada",2016,50,5,"casa"
"Granada",2019,47,0,"casa"
"Grêmio-RS",2012,0,0,NA
"Grêmio-RS",2013,0,0,NA
"Grêmio-RS",2014,0,0,NA
"Grêmio-RS",2015,0,0,NA
"Grêmio-RS",2016,0,0,NA
"Grêmio-RS",2017,0,0,NA
"Grêmio-RS",2018,0,0,NA
"Grêmio-RS",2019,0,0,NA
"Grêmio-RS",2020,0,0,NA
"Hellas Verona",2013,29,2,"casa"
"Hellas Verona",2014,42,6,"casa"
"Hellas Verona",2015,43,2,"casa"
"Hellas Verona",2017,51,1,"casa"
"Hellas Verona",2019,40,3,"casa"
"Hercules",2010,37,5,"casa"
"Huddersfield",2017,26,2,"casa"
"Huddersfield",2018,27,3,"casa"
"Huesca",2018,60,1,"casa"
"Hull City|Hull",2008,29,3,"casa"
"Hull City|Hull",2009,29,3,"casa"
"Hull City|Hull",2013,25,1,"casa"
"Hull City|Hull",2014,28,3,"casa"
"Hull City|Hull",2016,32,2,"casa"
"Internacional-RS",2012,0,0,NA
"Internacional-RS",2013,0,0,NA
"Internacional-RS",2014,0,0,NA
"Internacional-RS",2015,0,0,NA
"Internacional-RS",2016,0,0,NA
"Internacional-RS",2018,0,0,NA
"Internacional-RS",2019,0,0,NA
"Internacional-RS",2020,0,0,NA
"Internazionale",2006,38,0,"casa"
"Internazionale",2007,30,2,"casa"
"Internazionale",2008,47,1,"casa"
"Internazionale",2009,40,4,"casa"
"Internazionale",2010,21,1,"casa"
"Internazionale",2011,26,3,"casa"
"Internazionale",2012,36,1,"casa"
"Internazionale",2013,32,1,"casa"
"Internazionale",2014,38,2,"casa"
"Internazionale",2015,48,5,"casa"
"Internazionale",2016,32,1,"casa"
"Internazionale",2017,29,1,"casa"
"Internazionale",2018,33,1,"casa"
"Internazionale",2019,50,4,"casa"
"Joinville-SC",2015,0,0,NA
"Juventus",2007,38,2,"casa"
"Juventus",2008,23,2,"casa"
"Juventus",2009,41,3,"casa"
"Juventus",2010,30,2,"casa"
"Juventus",2011,27,2,"casa"
"Juventus",2012,36,1,"casa"
"Juventus",2013,29,1,"casa"
"Juventus",2014,31,2,"casa"
"Juventus",2015,41,1,"casa"
"Juventus",2016,29,0,"casa"
"Juventus",2017,30,0,"casa"
"Juventus",2018,30,2,"casa"
"Juventus",2019,37,1,"casa"
"Juventus",2020,1,0,"casa"
"La Coruña",2006,61,5,"casa"
"La Coruña",2007,26,2,"casa"
"La Coruña",2008,39,2,"casa"
"La Coruña",2009,29,0,"casa"
"La Coruña",2010,38,2,"casa"
"La Coruña",2012,53,5,"casa"
"La Coruña",2014,48,3,"casa"
"La Coruña",2015,41,3,"casa"
"La Coruña",2016,40,0,"casa"
"La Coruña",2017,57,2,"casa"
"Las Palmas",2015,51,0,"casa"
"Las Palmas",2016,46,3,"casa"
"Las Palmas",2017,37,1,"casa"
"Lázio",2006,43,4,"casa"
"Lázio",2007,37,1,"casa"
"Lázio",2008,45,4,"casa"
"Lázio",2009,42,3,"casa"
"Lázio",2010,25,1,"casa"
"Lázio",2011,31,3,"casa"
"Lázio",2012,42,1,"casa"
"Lázio",2013,42,4,"casa"
"Lázio",2014,45,5,"casa"
"Lázio",2015,48,2,"casa"
"Lázio",2016,41,3,"casa"
"Lázio",2017,31,4,"casa"
"Lázio",2018,38,3,"casa"
"Lázio",2019,46,0,"casa"
"Lecce",2008,47,2,"casa"
"Lecce",2010,34,5,"casa"
"Lecce",2011,61,5,"casa"
"Lecce",2019,47,1,"casa"
"Lecce",2020,0,0,"casa"
"Leganés",2016,51,1,"casa"
"Leganés",2017,40,3,"casa"
"Leganés",2018,56,2,"casa"
"Leganés",2019,60,2,"casa"
"Leicester",2014,20,2,"casa"
"Leicester",2015,17,1,"casa"
"Leicester",2016,30,0,"casa"
"Leicester",2017,22,2,"casa"
"Leicester",2018,33,2,"casa"
"Leicester",2019,19,1,"casa"
"Levante",2006,45,10,"casa"
"Levante",2007,44,2,"casa"
"Levante",2010,61,1,"casa"
"Levante",2011,56,1,"casa"
"Levante",2012,46,3,"casa"
"Levante",2013,50,4,"casa"
"Levante",2014,53,2,"casa"
"Levante",2015,62,5,"casa"
"Levante",2017,52,4,"casa"
"Levante",2018,59,5,"casa"
"Levante",2019,40,3,"casa"
"Liverpool",2006,13,0,"casa"
"Liverpool",2007,20,0,"casa"
"Liverpool",2008,20,0,"casa"
"Liverpool",2009,22,2,"casa"
"Liverpool",2010,23,1,"casa"
"Liverpool",2011,23,0,"casa"
"Liverpool",2012,19,1,"casa"
"Liverpool",2013,16,1,"casa"
"Liverpool",2014,29,2,"casa"
"Liverpool",2015,23,1,"casa"
"Liverpool",2016,22,0,"casa"
"Liverpool",2017,18,0,"casa"
"Liverpool",2018,13,1,"casa"
"Liverpool",2019,13,1,"casa"
"Livorno",2006,37,0,"casa"
"Livorno",2007,45,2,"casa"
"Livorno",2009,43,3,"casa"
"Livorno",2013,64,3,"casa"
"Málaga",2008,50,3,"casa"
"Málaga",2009,60,6,"casa"
"Málaga",2010,43,1,"casa"
"Málaga",2011,38,3,"casa"
"Málaga",2012,43,2,"casa"
"Málaga",2013,41,3,"casa"
"Málaga",2014,55,4,"casa"
"Málaga",2015,49,2,"casa"
"Málaga",2016,50,2,"casa"
"Málaga",2017,54,6,"casa"
"Mallorca",2006,41,3,"casa"
"Mallorca",2007,40,3,"casa"
"Mallorca",2008,49,2,"casa"
"Mallorca",2009,47,1,"casa"
"Mallorca",2010,38,0,"casa"
"Mallorca",2011,61,4,"casa"
"Mallorca",2012,52,2,"casa"
"Mallorca",2019,54,4,"casa"
"Manchester City",2006,23,1,"casa"
"Manchester City",2007,19,1,"casa"
"Manchester City",2008,14,4,"casa"
"Manchester City",2009,21,0,"casa"
"Manchester City",2010,30,3,"casa"
"Manchester City",2011,18,2,"casa"
"Manchester City",2012,28,0,"casa"
"Manchester City",2013,33,0,"casa"
"Manchester City",2014,35,1,"casa"
"Manchester City",2015,25,0,"casa"
"Manchester City",2016,32,4,"casa"
"Manchester City",2017,26,1,"casa"
"Manchester City",2018,17,0,"casa"
"Manchester City",2019,27,1,"casa"
"Manchester United",2006,23,0,"casa"
"Manchester United",2007,20,1,"casa"
"Manchester United",2008,24,1,"casa"
"Manchester United",2009,23,0,"casa"
"Manchester United",2010,16,1,"casa"
"Manchester United",2011,25,1,"casa"
"Manchester United",2012,23,1,"casa"
"Manchester United",2013,24,1,"casa"
"Manchester United",2014,31,1,"casa"
"Manchester United",2015,29,0,"casa"
"Manchester United",2016,36,1,"casa"
"Manchester United",2017,29,0,"casa"
"Manchester United",2018,32,1,"casa"
"Manchester United",2019,29,0,"casa"
"Messina",2006,47,3,"casa"
"Middlesbrough",2006,24,0,"casa"
"Middlesbrough",2007,35,0,"casa"
"Middlesbrough",2008,31,1,"casa"
"Middlesbrough",2016,38,0,"casa"
"Murcia",2007,50,3,"casa"
"Napoli",2007,44,4,"casa"
"Napoli",2008,39,0,"casa"
"Napoli",2009,48,1,"casa"
"Napoli",2010,38,1,"casa"
"Napoli",2011,31,2,"casa"
"Napoli",2012,39,0,"casa"
"Napoli",2013,39,1,"casa"
"Napoli",2014,38,3,"casa"
"Napoli",2015,28,0,"casa"
"Napoli",2016,24,0,"casa"
"Napoli",2017,23,1,"casa"
"Napoli",2018,32,1,"casa"
"Napoli",2019,33,1,"casa"
"Napoli",2020,3,0,"casa"
"Náutico-PE",2012,0,0,NA
"Náutico-PE",2013,0,0,NA
"Newcastle",2006,24,1,"casa"
"Newcastle",2007,27,0,"casa"
"Newcastle",2008,21,4,"casa"
"Newcastle",2010,32,1,"casa"
"Newcastle",2011,31,0,"casa"
"Newcastle",2012,37,1,"casa"
"Newcastle",2013,22,1,"casa"
"Newcastle",2014,33,1,"casa"
"Newcastle",2015,37,2,"casa"
"Newcastle",2017,23,2,"casa"
"Newcastle",2018,25,1,"casa"
"Newcastle",2019,33,1,"casa"
"Norwich",2011,26,2,"casa"
"Norwich",2012,33,0,"casa"
"Norwich",2013,26,1,"casa"
"Norwich",2015,29,0,"casa"
"Norwich",2019,29,3,"casa"
"Novara",2011,40,3,"casa"
"Numancia",2008,49,5,"casa"
"Osasuna",2006,54,0,"casa"
"Osasuna",2007,51,5,"casa"
"Osasuna",2008,51,8,"casa"
"Osasuna",2009,38,6,"casa"
"Osasuna",2010,56,3,"casa"
"Osasuna",2011,50,3,"casa"
"Osasuna",2012,58,3,"casa"
"Osasuna",2013,40,4,"casa"
"Osasuna",2016,55,1,"casa"
"Osasuna",2019,55,2,"casa"
"Palermo",2006,42,4,"casa"
"Palermo",2007,48,1,"casa"
"Palermo",2008,38,3,"casa"
"Palermo",2009,46,0,"casa"
"Palermo",2010,29,2,"casa"
"Palermo",2011,41,2,"casa"
"Palermo",2012,46,3,"casa"
"Palermo",2014,41,1,"casa"
"Palermo",2015,47,3,"casa"
"Palermo",2016,47,4,"casa"
"Palmeiras-SP",2012,0,0,NA
"Palmeiras-SP",2014,0,0,NA
"Palmeiras-SP",2015,0,0,NA
"Palmeiras-SP",2016,0,0,NA
"Palmeiras-SP",2017,0,0,NA
"Palmeiras-SP",2018,0,0,NA
"Palmeiras-SP",2019,0,0,NA
"Palmeiras-SP",2020,0,0,NA
"Paraná-PR",2018,0,0,NA
"Parma",2006,47,0,"casa"
"Parma",2007,39,5,"casa"
"Parma",2009,40,4,"casa"
"Parma",2010,41,2,"casa"
"Parma",2011,41,1,"casa"
"Parma",2012,50,2,"casa"
"Parma",2013,51,5,"casa"
"Parma",2014,58,4,"casa"
"Parma",2018,38,2,"casa"
"Parma",2019,41,1,"casa"
"Pescara",2012,47,1,"casa"
"Pescara",2016,45,3,"casa"
"Ponte Preta-SP",2012,0,0,NA
"Ponte Preta-SP",2013,0,0,NA
"Ponte Preta-SP",2015,0,0,NA
"Ponte Preta-SP",2016,0,0,NA
"Ponte Preta-SP",2017,0,0,NA
"Portsmouth",2006,23,1,"casa"
"Portsmouth",2007,27,2,"casa"
"Portsmouth",2008,30,3,"casa"
"Portsmouth",2009,38,3,"casa"
"Portuguesa-SP",2012,0,0,NA
"Portuguesa-SP",2013,0,0,NA
"Queens Park Rangers",2011,29,6,"casa"
"Queens Park Rangers",2012,22,2,"casa"
"Queens Park Rangers",2014,36,1,"casa"
"Racing Santander",2006,53,3,"casa"
"Racing Santander",2007,33,4,"casa"
"Racing Santander",2008,50,2,"casa"
"Racing Santander",2009,51,2,"casa"
"Racing Santander",2010,49,4,"casa"
"Racing Santander",2011,56,3,"casa"
"Reading",2006,18,1,"casa"
"Reading",2007,26,3,"casa"
"Reading",2012,21,1,"casa"
"Real Madrid",2006,54,4,"casa"
"Real Madrid",2007,43,1,"casa"
"Real Madrid",2008,54,3,"casa"
"Real Madrid",2009,35,3,"casa"
"Real Madrid",2010,40,4,"casa"
"Real Madrid",2011,34,1,"casa"
"Real Madrid",2012,36,3,"casa"
"Real Madrid",2013,28,1,"casa"
"Real Madrid",2014,37,1,"casa"
"Real Madrid",2015,29,2,"casa"
"Real Madrid",2016,43,2,"casa"
"Real Madrid",2017,24,2,"casa"
"Real Madrid",2018,31,2,"casa"
"Real Madrid",2019,41,1,"casa"
"Real Sociedad",2006,35,2,"casa"
"Real Sociedad",2010,35,0,"casa"
"Real Sociedad",2011,39,1,"casa"
"Real Sociedad",2012,43,0,"casa"
"Real Sociedad",2013,34,1,"casa"
"Real Sociedad",2014,40,0,"casa"
"Real Sociedad",2015,48,4,"casa"
"Real Sociedad",2016,37,1,"casa"
"Real Sociedad",2017,34,4,"casa"
"Real Sociedad",2018,42,1,"casa"
"Real Sociedad",2019,37,1,"casa"
"Real Zaragoza",2006,38,2,"casa"
"Real Zaragoza",2007,50,5,"casa"
"Real Zaragoza",2009,61,3,"casa"
"Real Zaragoza",2010,60,4,"casa"
"Real Zaragoza",2011,57,3,"casa"
"Real Zaragoza",2012,62,6,"casa"
"Recreativo Huelva",2006,26,1,"casa"
"Recreativo Huelva",2007,59,7,"casa"
"Recreativo Huelva",2008,45,2,"casa"
"Reggina",2006,51,2,"casa"
"Reggina",2007,42,2,"casa"
"Reggina",2008,41,3,"casa"
"Roma",2006,31,0,"casa"
"Roma",2007,33,4,"casa"
"Roma",2008,31,3,"casa"
"Roma",2009,37,2,"casa"
"Roma",2010,37,2,"casa"
"Roma",2011,39,3,"casa"
"Roma",2012,44,3,"casa"
"Roma",2013,35,1,"casa"
"Roma",2014,41,4,"casa"
"Roma",2015,31,2,"casa"
"Roma",2016,26,1,"casa"
"Roma",2017,22,2,"casa"
"Roma",2018,40,1,"casa"
"Roma",2019,49,3,"casa"
"Sampdoria",2006,44,4,"casa"
"Sampdoria",2007,39,2,"casa"
"Sampdoria",2008,53,0,"casa"
"Sampdoria",2009,41,1,"casa"
"Sampdoria",2010,37,3,"casa"
"Sampdoria",2012,42,2,"casa"
"Sampdoria",2013,54,8,"casa"
"Sampdoria",2014,46,1,"casa"
"Sampdoria",2015,52,3,"casa"
"Sampdoria",2016,35,0,"casa"
"Sampdoria",2017,30,0,"casa"
"Sampdoria",2018,43,1,"casa"
"Sampdoria",2019,53,2,"casa"
"Santa Cruz-PE",2016,0,0,NA
"Santos-SP",2012,0,0,NA
"Santos-SP",2013,0,0,NA
"Santos-SP",2014,0,0,NA
"Santos-SP",2015,0,0,NA
"Santos-SP",2016,0,0,NA
"Santos-SP",2017,0,0,NA
"Santos-SP",2018,0,0,NA
"Santos-SP",2019,0,0,NA
"Santos-SP",2020,0,0,NA
"São Paulo-SP",2012,0,0,NA
"São Paulo-SP",2013,0,0,NA
"São Paulo-SP",2014,0,0,NA
"São Paulo-SP",2015,0,0,NA
"São Paulo-SP",2016,0,0,NA
"São Paulo-SP",2017,0,0,NA
"São Paulo-SP",2018,0,0,NA
"São Paulo-SP",2019,0,0,NA
"São Paulo-SP",2020,0,0,NA
"Sassuolo",2013,50,3,"casa"
"Sassuolo",2014,55,2,"casa"
"Sassuolo",2015,42,5,"casa"
"Sassuolo",2016,48,1,"casa"
"Sassuolo",2017,44,3,"casa"
"Sassuolo",2018,41,2,"casa"
"Sassuolo",2019,45,1,"casa"
"Sassuolo",2020,1,0,"casa"
"Sevilla",2006,37,3,"casa"
"Sevilla",2007,45,3,"casa"
"Sevilla",2008,44,3,"casa"
"Sevilla",2009,45,2,"casa"
"Sevilla",2010,44,2,"casa"
"Sevilla",2011,46,4,"casa"
"Sevilla",2012,44,6,"casa"
"Sevilla",2013,48,2,"casa"
"Sevilla",2014,56,1,"casa"
"Sevilla",2015,46,2,"casa"
"Sevilla",2016,51,1,"casa"
"Sevilla",2017,46,2,"casa"
"Sevilla",2018,60,1,"casa"
"Sevilla",2019,45,0,"casa"
"Sheffield United",2006,31,0,"casa"
"Sheffield United",2019,30,1,"casa"
"Siena",2006,40,4,"casa"
"Siena",2007,25,2,"casa"
"Siena",2008,32,1,"casa"
"Siena",2009,37,2,"casa"
"Siena",2011,44,1,"casa"
"Siena",2012,47,2,"casa"
"Southampton",2012,23,2,"casa"
"Southampton",2013,23,0,"casa"
"Southampton",2014,23,2,"casa"
"Southampton",2015,27,3,"casa"
"Southampton",2016,23,2,"casa"
"Southampton",2017,29,0,"casa"
"Southampton",2018,39,2,"casa"
"Southampton",2019,19,4,"casa"
"SPAL",2017,54,2,"casa"
"SPAL",2018,56,2,"casa"
"SPAL",2019,47,3,"casa"
"SPAL",2020,1,0,"casa"
"Sport-PE",2012,0,0,NA
"Sport-PE",2014,0,0,NA
"Sport-PE",2015,0,0,NA
"Sport-PE",2016,0,0,NA
"Sport-PE",2017,0,0,NA
"Sport-PE",2018,0,0,NA
"Sport-PE",2020,0,0,NA
"Sporting Gijón",2008,65,3,"casa"
"Sporting Gijón",2009,50,1,"casa"
"Sporting Gijón",2010,58,2,"casa"
"Sporting Gijón",2011,56,2,"casa"
"Sporting Gijón",2015,48,1,"casa"
"Sporting Gijón",2016,54,2,"casa"
"Stoke",2008,40,2,"casa"
"Stoke",2009,30,3,"casa"
"Stoke",2010,30,0,"casa"
"Stoke",2011,25,1,"casa"
"Stoke",2012,34,2,"casa"
"Stoke",2013,36,1,"casa"
"Stoke",2014,33,0,"casa"
"Stoke",2015,24,2,"casa"
"Stoke",2016,35,2,"casa"
"Stoke",2017,30,1,"casa"
"Sunderland",2007,29,1,"casa"
"Sunderland",2008,35,0,"casa"
"Sunderland",2009,42,2,"casa"
"Sunderland",2010,24,2,"casa"
"Sunderland",2011,27,1,"casa"
"Sunderland",2012,25,1,"casa"
"Sunderland",2013,39,2,"casa"
"Sunderland",2014,45,1,"casa"
"Sunderland",2015,29,1,"casa"
"Sunderland",2016,35,2,"casa"
"Swansea",2011,21,0,"casa"
"Swansea",2012,25,2,"casa"
"Swansea",2013,28,2,"casa"
"Swansea",2014,25,1,"casa"
"Swansea",2015,35,1,"casa"
"Swansea",2016,30,0,"casa"
"Swansea",2017,24,0,"casa"
"Tenerife",2009,40,0,"casa"
"Torino",2006,39,5,"casa"
"Torino",2007,47,2,"casa"
"Torino",2008,47,4,"casa"
"Torino",2012,36,2,"casa"
"Torino",2013,37,1,"casa"
"Torino",2014,39,0,"casa"
"Torino",2015,43,3,"casa"
"Torino",2016,31,0,"casa"
"Torino",2017,34,1,"casa"
"Torino",2018,38,2,"casa"
"Torino",2019,50,4,"casa"
"Tottenham",2006,21,2,"casa"
"Tottenham",2007,23,1,"casa"
"Tottenham",2008,21,0,"casa"
"Tottenham",2009,26,0,"casa"
"Tottenham",2010,28,1,"casa"
"Tottenham",2011,15,0,"casa"
"Tottenham",2012,24,1,"casa"
"Tottenham",2013,31,2,"casa"
"Tottenham",2014,37,1,"casa"
"Tottenham",2015,30,0,"casa"
"Tottenham",2016,27,0,"casa"
"Tottenham",2017,20,0,"casa"
"Tottenham",2018,20,0,"casa"
"Tottenham",2019,39,2,"casa"
"Udinese",2006,47,7,"casa"
"Udinese",2007,32,2,"casa"
"Udinese",2008,30,1,"casa"
"Udinese",2009,43,1,"casa"
"Udinese",2010,32,4,"casa"
"Udinese",2011,39,1,"casa"
"Udinese",2012,42,4,"casa"
"Udinese",2013,27,0,"casa"
"Udinese",2014,40,3,"casa"
"Udinese",2015,47,6,"casa"
"Udinese",2016,41,2,"casa"
"Udinese",2017,37,3,"casa"
"Udinese",2018,51,3,"casa"
"Udinese",2019,42,0,"casa"
"Valencia",2006,49,2,"casa"
"Valencia",2007,36,5,"casa"
"Valencia",2008,51,2,"casa"
"Valencia",2009,47,3,"casa"
"Valencia",2010,48,1,"casa"
"Valencia",2011,51,2,"casa"
"Valencia",2012,55,5,"casa"
"Valencia",2013,42,2,"casa"
"Valencia",2014,45,1,"casa"
"Valencia",2015,34,2,"casa"
"Valencia",2016,52,2,"casa"
"Valencia",2017,43,2,"casa"
"Valencia",2018,43,0,"casa"
"Valencia",2019,38,2,"casa"
"Valladolid",2007,34,2,"casa"
"Valladolid",2008,32,3,"casa"
"Valladolid",2009,55,7,"casa"
"Valladolid",2012,37,0,"casa"
"Valladolid",2013,51,0,"casa"
"Valladolid",2018,44,0,"casa"
"Valladolid",2019,41,0,"casa"
"Vallecano",2011,53,2,"casa"
"Vallecano",2012,60,2,"casa"
"Vallecano",2013,53,4,"casa"
"Vallecano",2014,54,4,"casa"
"Vallecano",2015,56,6,"casa"
"Vallecano",2018,53,4,"casa"
"Vasco da Gama-RJ",2012,0,0,NA
"Vasco da Gama-RJ",2013,0,0,NA
"Vasco da Gama-RJ",2015,0,0,NA
"Vasco da Gama-RJ",2017,0,0,NA
"Vasco da Gama-RJ",2018,0,0,NA
"Vasco da Gama-RJ",2019,0,0,NA
"Vasco da Gama-RJ",2020,0,0,NA
"Villarreal",2006,42,1,"casa"
"Villarreal",2007,34,0,"casa"
"Villarreal",2008,51,0,"casa"
"Villarreal",2009,35,7,"casa"
"Villarreal",2010,44,0,"casa"
"Villarreal",2011,41,1,"casa"
"Villarreal",2013,35,3,"casa"
"Villarreal",2014,29,1,"casa"
"Villarreal",2015,50,1,"casa"
"Villarreal",2016,38,3,"casa"
"Villarreal",2017,61,3,"casa"
"Villarreal",2018,61,1,"casa"
"Villarreal",2019,39,0,"casa"
"Vitória-BA",2013,0,0,NA
"Vitória-BA",2014,0,0,NA
"Vitória-BA",2016,0,0,NA
"Vitória-BA",2017,0,0,NA
"Vitória-BA",2018,0,0,NA
"Watford",2006,23,1,"casa"
"Watford",2015,38,2,"casa"
"Watford",2016,50,2,"casa"
"Watford",2017,41,2,"casa"
"Watford",2018,38,3,"casa"
"Watford",2019,38,2,"casa"
"West Brom",2008,38,1,"casa"
"West Brom",2010,29,3,"casa"
"West Brom",2011,18,0,"casa"
"West Brom",2012,27,1,"casa"
"West Brom",2013,33,0,"casa"
"West Brom",2014,34,1,"casa"
"West Brom",2015,25,2,"casa"
"West Brom",2016,33,0,"casa"
"West Brom",2017,35,0,"casa"
"West Ham",2006,46,1,"casa"
"West Ham",2007,25,1,"casa"
"West Ham",2008,28,1,"casa"
"West Ham",2009,27,1,"casa"
"West Ham",2010,22,0,"casa"
"West Ham",2012,26,1,"casa"
"West Ham",2013,22,2,"casa"
"West Ham",2014,33,1,"casa"
"West Ham",2015,20,3,"casa"
"West Ham",2016,47,1,"casa"
"West Ham",2017,34,0,"casa"
"West Ham",2018,28,0,"casa"
"West Ham",2019,34,0,"casa"
"Wigan",2006,29,0,"casa"
"Wigan",2007,30,2,"casa"
"Wigan",2008,26,2,"casa"
"Wigan",2009,27,0,"casa"
"Wigan",2010,27,1,"casa"
"Wigan",2011,35,1,"casa"
"Wigan",2012,28,0,"casa"
"Wolves",2009,24,1,"casa"
"Wolves",2010,27,0,"casa"
"Wolves",2011,30,3,"casa"
"Wolves",2018,33,0,"casa"
"Wolves",2019,28,0,"casa"
"Xerez",2009,40,4,"casa"
"AC Milan",2006,41,2,"visitante"
"AC Milan",2007,43,1,"visitante"
"AC Milan",2008,46,1,"visitante"
"AC Milan",2009,33,5,"visitante"
"AC Milan",2010,40,3,"visitante"
"AC Milan",2011,34,2,"visitante"
"AC Milan",2012,48,5,"visitante"
"AC Milan",2013,49,3,"visitante"
"AC Milan",2014,40,9,"visitante"
"AC Milan",2015,51,2,"visitante"
"AC Milan",2016,41,9,"visitante"
"AC Milan",2017,45,5,"visitante"
"AC Milan",2018,47,2,"visitante"
"AC Milan",2019,55,5,"visitante"
"AFC Bournemouth",2015,27,1,"visitante"
"AFC Bournemouth",2016,27,2,"visitante"
"AFC Bournemouth",2017,24,0,"visitante"
"AFC Bournemouth",2018,24,0,"visitante"
"AFC Bournemouth",2019,37,1,"visitante"
"Alavés",2016,55,4,"visitante"
"Alavés",2017,44,0,"visitante"
"Alavés",2018,51,1,"visitante"
"Alavés",2019,47,6,"visitante"
"Almería",2007,46,7,"visitante"
"Almería",2008,44,6,"visitante"
"Almería",2009,49,2,"visitante"
"Almería",2010,48,3,"visitante"
"Almería",2013,47,1,"visitante"
"Almería",2014,47,5,"visitante"
"América-MG",2016,0,0,NA
"América-MG",2018,0,0,NA
"Arsenal",2006,32,3,"visitante"
"Arsenal",2007,39,2,"visitante"
"Arsenal",2008,35,2,"visitante"
"Arsenal",2009,32,0,"visitante"
"Arsenal",2010,37,3,"visitante"
"Arsenal",2011,31,3,"visitante"
"Arsenal",2012,24,4,"visitante"
"Arsenal",2013,32,3,"visitante"
"Arsenal",2014,41,1,"visitante"
"Arsenal",2015,19,3,"visitante"
"Arsenal",2016,33,0,"visitante"
"Arsenal",2017,32,1,"visitante"
"Arsenal",2018,32,2,"visitante"
"Arsenal",2019,44,3,"visitante"
"Ascoli",2006,48,3,"visitante"
"Aston Villa",2006,26,1,"visitante"
"Aston Villa",2007,30,2,"visitante"
"Aston Villa",2008,37,2,"visitante"
"Aston Villa",2009,38,2,"visitante"
"Aston Villa",2010,36,1,"visitante"
"Aston Villa",2011,45,0,"visitante"
"Aston Villa",2012,42,0,"visitante"
"Aston Villa",2013,43,0,"visitante"
"Aston Villa",2014,42,3,"visitante"
"Aston Villa",2015,40,2,"visitante"
"Aston Villa",2019,34,1,"visitante"
"Atalanta",2006,50,6,"visitante"
"Atalanta",2007,59,4,"visitante"
"Atalanta",2008,40,3,"visitante"
"Atalanta",2009,46,4,"visitante"
"Atalanta",2011,46,3,"visitante"
"Atalanta",2012,51,6,"visitante"
"Atalanta",2013,43,6,"visitante"
"Atalanta",2014,54,2,"visitante"
"Atalanta",2015,54,10,"visitante"
"Atalanta",2016,45,3,"visitante"
"Atalanta",2017,37,2,"visitante"
"Atalanta",2018,33,3,"visitante"
"Atalanta",2019,40,1,"visitante"
"Athletic Bilbao",2006,44,4,"visitante"
"Athletic Bilbao",2007,51,5,"visitante"
"Athletic Bilbao",2008,46,7,"visitante"
"Athletic Bilbao",2009,58,6,"visitante"
"Athletic Bilbao",2010,46,2,"visitante"
"Athletic Bilbao",2011,53,2,"visitante"
"Athletic Bilbao",2012,62,6,"visitante"
"Athletic Bilbao",2013,40,1,"visitante"
"Athletic Bilbao",2014,48,3,"visitante"
"Athletic Bilbao",2015,47,3,"visitante"
"Athletic Bilbao",2016,47,2,"visitante"
"Athletic Bilbao",2017,56,0,"visitante"
"Athletic Bilbao",2018,57,3,"visitante"
"Athletic Bilbao",2019,38,1,"visitante"
"Athletico-PR",2013,0,0,NA
"Athletico-PR",2014,0,0,NA
"Athletico-PR",2015,0,0,NA
"Athletico-PR",2016,0,0,NA
"Athletico-PR",2017,0,0,NA
"Athletico-PR",2018,0,0,NA
"Athletico-PR",2019,0,0,NA
"Athletico-PR",2020,0,0,NA
"Atlético de Madrid",2006,63,3,"visitante"
"Atlético de Madrid",2007,56,1,"visitante"
"Atlético de Madrid",2008,54,2,"visitante"
"Atlético de Madrid",2009,43,6,"visitante"
"Atlético de Madrid",2010,55,0,"visitante"
"Atlético de Madrid",2011,71,3,"visitante"
"Atlético de Madrid",2012,51,3,"visitante"
"Atlético de Madrid",2013,56,3,"visitante"
"Atlético de Madrid",2014,64,3,"visitante"
"Atlético de Madrid",2015,43,3,"visitante"
"Atlético de Madrid",2016,48,1,"visitante"
"Atlético de Madrid",2017,46,3,"visitante"
"Atlético de Madrid",2018,51,4,"visitante"
"Atlético de Madrid",2019,57,1,"visitante"
"Atlético-GO",2012,0,0,NA
"Atlético-GO",2017,0,0,NA
"Atlético-GO",2020,0,0,NA
"Atlético-MG",2012,0,0,NA
"Atlético-MG",2013,0,0,NA
"Atlético-MG",2014,0,0,NA
"Atlético-MG",2015,0,0,NA
"Atlético-MG",2016,0,0,NA
"Atlético-MG",2017,0,0,NA
"Atlético-MG",2018,0,0,NA
"Atlético-MG",2019,0,0,NA
"Atlético-MG",2020,0,0,NA
"Avaí-SC",2015,0,0,NA
"Avaí-SC",2017,0,0,NA
"Avaí-SC",2019,0,0,NA
"Bahia-BA",2012,0,0,NA
"Bahia-BA",2013,0,0,NA
"Bahia-BA",2014,0,0,NA
"Bahia-BA",2017,0,0,NA
"Bahia-BA",2018,0,0,NA
"Bahia-BA",2019,0,0,NA
"Bahia-BA",2020,0,0,NA
"Barcelona",2006,45,3,"visitante"
"Barcelona",2007,39,3,"visitante"
"Barcelona",2008,35,3,"visitante"
"Barcelona",2009,45,2,"visitante"
"Barcelona",2010,36,2,"visitante"
"Barcelona",2011,38,2,"visitante"
"Barcelona",2012,39,3,"visitante"
"Barcelona",2013,44,0,"visitante"
"Barcelona",2014,35,1,"visitante"
"Barcelona",2015,40,0,"visitante"
"Barcelona",2016,43,1,"visitante"
"Barcelona",2017,37,1,"visitante"
"Barcelona",2018,44,0,"visitante"
"Barcelona",2019,46,3,"visitante"
"Bari",2009,35,3,"visitante"
"Bari",2010,43,1,"visitante"
"Benevento",2017,40,5,"visitante"
"Betis",2006,48,5,"visitante"
"Betis",2007,54,2,"visitante"
"Betis",2008,56,1,"visitante"
"Betis",2011,52,6,"visitante"
"Betis",2012,52,3,"visitante"
"Betis",2013,52,3,"visitante"
"Betis",2015,46,2,"visitante"
"Betis",2016,52,3,"visitante"
"Betis",2017,57,2,"visitante"
"Betis",2018,42,1,"visitante"
"Betis",2019,50,3,"visitante"
"Birmingham",2007,40,1,"visitante"
"Birmingham",2009,38,0,"visitante"
"Birmingham",2010,33,1,"visitante"
"Blackburn",2006,40,3,"visitante"
"Blackburn",2007,41,2,"visitante"
"Blackburn",2008,46,3,"visitante"
"Blackburn",2009,31,1,"visitante"
"Blackburn",2010,41,3,"visitante"
"Blackburn",2011,29,4,"visitante"
"Blackpool",2010,25,2,"visitante"
"Bologna",2008,45,1,"visitante"
"Bologna",2009,39,2,"visitante"
"Bologna",2010,46,2,"visitante"
"Bologna",2011,51,0,"visitante"
"Bologna",2012,57,3,"visitante"
"Bologna",2013,48,2,"visitante"
"Bologna",2015,39,5,"visitante"
"Bologna",2016,46,6,"visitante"
"Bologna",2017,52,5,"visitante"
"Bologna",2018,57,4,"visitante"
"Bologna",2019,57,2,"visitante"
"Bolton",2006,53,4,"visitante"
"Bolton",2007,44,0,"visitante"
"Bolton",2008,39,1,"visitante"
"Bolton",2009,41,3,"visitante"
"Bolton",2010,38,1,"visitante"
"Bolton",2011,28,3,"visitante"
"Botafogo-RJ",2012,0,0,NA
"Botafogo-RJ",2013,0,0,NA
"Botafogo-RJ",2014,0,0,NA
"Botafogo-RJ",2016,0,0,NA
"Botafogo-RJ",2017,0,0,NA
"Botafogo-RJ",2018,0,0,NA
"Botafogo-RJ",2019,0,0,NA
"Botafogo-RJ",2020,0,0,NA
"Bragantino-SP",2020,0,0,NA
"Brescia",2010,48,3,"visitante"
"Brescia",2019,47,2,"visitante"
"Brighton",2017,17,1,"visitante"
"Brighton",2018,30,2,"visitante"
"Brighton",2019,29,1,"visitante"
"Burnley",2009,37,2,"visitante"
"Burnley",2014,31,2,"visitante"
"Burnley",2016,30,2,"visitante"
"Burnley",2017,38,0,"visitante"
"Burnley",2018,42,1,"visitante"
"Burnley",2019,37,0,"visitante"
"Cagliari",2006,39,4,"visitante"
"Cagliari",2007,46,0,"visitante"
"Cagliari",2008,47,2,"visitante"
"Cagliari",2009,46,5,"visitante"
"Cagliari",2010,39,0,"visitante"
"Cagliari",2011,41,0,"visitante"
"Cagliari",2012,60,4,"visitante"
"Cagliari",2013,48,4,"visitante"
"Cagliari",2014,50,5,"visitante"
"Cagliari",2016,50,5,"visitante"
"Cagliari",2017,46,3,"visitante"
"Cagliari",2018,49,5,"visitante"
"Cagliari",2019,54,4,"visitante"
"Cagliari",2020,3,0,"visitante"
"Cardiff",2013,24,1,"visitante"
"Cardiff",2018,32,1,"visitante"
"Carpi",2015,55,3,"visitante"
"Catania",2006,47,6,"visitante"
"Catania",2007,50,3,"visitante"
"Catania",2008,38,3,"visitante"
"Catania",2009,46,3,"visitante"
"Catania",2010,36,3,"visitante"
"Catania",2011,40,5,"visitante"
"Catania",2012,45,2,"visitante"
"Catania",2013,49,6,"visitante"
"Ceará-CE",2018,0,0,NA
"Ceará-CE",2019,0,0,NA
"Ceará-CE",2020,0,0,NA
"Celta de Vigo",2006,51,5,"visitante"
"Celta de Vigo",2012,48,2,"visitante"
"Celta de Vigo",2013,40,3,"visitante"
"Celta de Vigo",2014,67,2,"visitante"
"Celta de Vigo",2015,66,5,"visitante"
"Celta de Vigo",2016,52,6,"visitante"
"Celta de Vigo",2017,45,1,"visitante"
"Celta de Vigo",2018,42,4,"visitante"
"Celta de Vigo",2019,52,1,"visitante"
"Cesena",2010,39,6,"visitante"
"Cesena",2011,44,5,"visitante"
"Cesena",2014,51,2,"visitante"
"Chapecoense-SC",2014,0,0,NA
"Chapecoense-SC",2015,0,0,NA
"Chapecoense-SC",2016,0,0,NA
"Chapecoense-SC",2017,0,0,NA
"Chapecoense-SC",2018,0,0,NA
"Chapecoense-SC",2019,0,0,NA
"Charlton",2006,29,3,"visitante"
"Chelsea",2006,39,3,"visitante"
"Chelsea",2007,34,3,"visitante"
"Chelsea",2008,32,3,"visitante"
"Chelsea",2009,39,3,"visitante"
"Chelsea",2010,32,0,"visitante"
"Chelsea",2011,44,3,"visitante"
"Chelsea",2012,33,1,"visitante"
"Chelsea",2013,34,3,"visitante"
"Chelsea",2014,41,3,"visitante"
"Chelsea",2015,31,3,"visitante"
"Chelsea",2016,40,0,"visitante"
"Chelsea",2017,22,1,"visitante"
"Chelsea",2018,29,0,"visitante"
"Chelsea",2019,30,0,"visitante"
"Chievo",2006,34,7,"visitante"
"Chievo",2008,41,4,"visitante"
"Chievo",2009,55,2,"visitante"
"Chievo",2010,43,1,"visitante"
"Chievo",2011,49,0,"visitante"
"Chievo",2012,53,2,"visitante"
"Chievo",2013,51,1,"visitante"
"Chievo",2014,41,1,"visitante"
"Chievo",2015,53,4,"visitante"
"Chievo",2016,44,3,"visitante"
"Chievo",2017,41,1,"visitante"
"Chievo",2018,56,3,"visitante"
"Córdoba",2014,54,6,"visitante"
"Corinthians-SP",2012,0,0,NA
"Corinthians-SP",2013,0,0,NA
"Corinthians-SP",2014,0,0,NA
"Corinthians-SP",2015,0,0,NA
"Corinthians-SP",2016,0,0,NA
"Corinthians-SP",2017,0,0,NA
"Corinthians-SP",2018,0,0,NA
"Corinthians-SP",2019,0,0,NA
"Corinthians-SP",2020,0,0,NA
"Coritiba-PR",2012,0,0,NA
"Coritiba-PR",2013,0,0,NA
"Coritiba-PR",2014,0,0,NA
"Coritiba-PR",2015,0,0,NA
"Coritiba-PR",2016,0,0,NA
"Coritiba-PR",2017,0,0,NA
"Coritiba-PR",2020,0,0,NA
"Criciúma-SC",2013,0,0,NA
"Criciúma-SC",2014,0,0,NA
"Crotone",2016,47,3,"visitante"
"Crotone",2017,38,1,"visitante"
"Cruzeiro-MG",2012,0,0,NA
"Cruzeiro-MG",2013,0,0,NA
"Cruzeiro-MG",2014,0,0,NA
"Cruzeiro-MG",2015,0,0,NA
"Cruzeiro-MG",2016,0,0,NA
"Cruzeiro-MG",2017,0,0,NA
"Cruzeiro-MG",2018,0,0,NA
"Cruzeiro-MG",2019,0,0,NA
"Crystal Palace",2013,34,2,"visitante"
"Crystal Palace",2014,37,2,"visitante"
"Crystal Palace",2015,28,0,"visitante"
"Crystal Palace",2016,45,0,"visitante"
"Crystal Palace",2017,33,0,"visitante"
"Crystal Palace",2018,33,1,"visitante"
"Crystal Palace",2019,27,1,"visitante"
"CSA-AL",2019,0,0,NA
"Derby",2007,35,0,"visitante"
"Eibar",2014,48,3,"visitante"
"Eibar",2015,54,3,"visitante"
"Eibar",2016,57,4,"visitante"
"Eibar",2017,45,1,"visitante"
"Eibar",2018,43,1,"visitante"
"Eibar",2019,40,2,"visitante"
"Elche",2013,51,5,"visitante"
"Elche",2014,48,3,"visitante"
"Empoli",2006,30,1,"visitante"
"Empoli",2007,41,4,"visitante"
"Empoli",2014,33,1,"visitante"
"Empoli",2015,57,4,"visitante"
"Empoli",2016,54,1,"visitante"
"Empoli",2018,37,3,"visitante"
"Espanyol",2006,55,4,"visitante"
"Espanyol",2007,56,4,"visitante"
"Espanyol",2008,56,2,"visitante"
"Espanyol",2009,58,8,"visitante"
"Espanyol",2010,59,4,"visitante"
"Espanyol",2011,61,6,"visitante"
"Espanyol",2012,88,6,"visitante"
"Espanyol",2013,44,2,"visitante"
"Espanyol",2014,60,4,"visitante"
"Espanyol",2015,64,2,"visitante"
"Espanyol",2016,45,1,"visitante"
"Espanyol",2017,53,1,"visitante"
"Espanyol",2018,52,1,"visitante"
"Espanyol",2019,59,7,"visitante"
"Everton",2006,33,2,"visitante"
"Everton",2007,29,0,"visitante"
"Everton",2008,26,0,"visitante"
"Everton",2009,37,1,"visitante"
"Everton",2010,29,2,"visitante"
"Everton",2011,37,0,"visitante"
"Everton",2012,31,2,"visitante"
"Everton",2013,27,0,"visitante"
"Everton",2014,39,2,"visitante"
"Everton",2015,21,4,"visitante"
"Everton",2016,35,1,"visitante"
"Everton",2017,23,2,"visitante"
"Everton",2018,31,4,"visitante"
"Everton",2019,38,3,"visitante"
"Figueirense-SC",2012,0,0,NA
"Figueirense-SC",2014,0,0,NA
"Figueirense-SC",2015,0,0,NA
"Figueirense-SC",2016,0,0,NA
"Fiorentina",2006,48,2,"visitante"
"Fiorentina",2007,40,2,"visitante"
"Fiorentina",2008,47,1,"visitante"
"Fiorentina",2009,47,3,"visitante"
"Fiorentina",2010,40,2,"visitante"
"Fiorentina",2011,58,2,"visitante"
"Fiorentina",2012,49,2,"visitante"
"Fiorentina",2013,43,2,"visitante"
"Fiorentina",2014,45,3,"visitante"
"Fiorentina",2015,58,1,"visitante"
"Fiorentina",2016,47,3,"visitante"
"Fiorentina",2017,48,4,"visitante"
"Fiorentina",2018,46,3,"visitante"
"Fiorentina",2019,55,2,"visitante"
"Fiorentina",2020,1,0,"visitante"
"Flamengo-RJ",2012,0,0,NA
"Flamengo-RJ",2013,0,0,NA
"Flamengo-RJ",2014,0,0,NA
"Flamengo-RJ",2015,0,0,NA
"Flamengo-RJ",2016,0,0,NA
"Flamengo-RJ",2017,0,0,NA
"Flamengo-RJ",2018,0,0,NA
"Flamengo-RJ",2019,0,0,NA
"Flamengo-RJ",2020,0,0,NA
"Fluminense-RJ",2012,0,0,NA
"Fluminense-RJ",2013,0,0,NA
"Fluminense-RJ",2014,0,0,NA
"Fluminense-RJ",2015,0,0,NA
"Fluminense-RJ",2016,0,0,NA
"Fluminense-RJ",2017,0,0,NA
"Fluminense-RJ",2018,0,0,NA
"Fluminense-RJ",2019,0,0,NA
"Fluminense-RJ",2020,0,0,NA
"Fortaleza-CE",2019,0,0,NA
"Fortaleza-CE",2020,0,0,NA
"Frosinone",2015,56,3,"visitante"
"Frosinone",2018,57,2,"visitante"
"Fulham",2006,33,0,"visitante"
"Fulham",2007,36,3,"visitante"
"Fulham",2008,17,0,"visitante"
"Fulham",2009,31,1,"visitante"
"Fulham",2010,23,0,"visitante"
"Fulham",2011,32,0,"visitante"
"Fulham",2012,28,0,"visitante"
"Fulham",2013,25,1,"visitante"
"Fulham",2018,34,1,"visitante"
"Genoa",2007,58,5,"visitante"
"Genoa",2008,48,2,"visitante"
"Genoa",2009,47,4,"visitante"
"Genoa",2010,30,2,"visitante"
"Genoa",2011,43,6,"visitante"
"Genoa",2012,48,4,"visitante"
"Genoa",2013,49,4,"visitante"
"Genoa",2014,56,4,"visitante"
"Genoa",2015,40,4,"visitante"
"Genoa",2016,41,3,"visitante"
"Genoa",2017,36,3,"visitante"
"Genoa",2018,49,3,"visitante"
"Genoa",2019,53,6,"visitante"
"Getafe",2006,53,1,"visitante"
"Getafe",2007,39,5,"visitante"
"Getafe",2008,61,3,"visitante"
"Getafe",2009,67,4,"visitante"
"Getafe",2010,57,2,"visitante"
"Getafe",2011,56,4,"visitante"
"Getafe",2012,60,4,"visitante"
"Getafe",2013,57,4,"visitante"
"Getafe",2014,45,3,"visitante"
"Getafe",2015,63,5,"visitante"
"Getafe",2017,69,2,"visitante"
"Getafe",2018,67,3,"visitante"
"Getafe",2019,71,2,"visitante"
"Gimnàstic",2006,46,3,"visitante"
"Girona",2017,59,0,"visitante"
"Girona",2018,43,1,"visitante"
"Goiás-GO",2013,0,0,NA
"Goiás-GO",2014,0,0,NA
"Goiás-GO",2015,0,0,NA
"Goiás-GO",2019,0,0,NA
"Goiás-GO",2020,0,0,NA
"Granada",2011,50,2,"visitante"
"Granada",2012,43,2,"visitante"
"Granada",2013,50,4,"visitante"
"Granada",2014,58,3,"visitante"
"Granada",2015,71,4,"visitante"
"Granada",2016,59,1,"visitante"
"Granada",2019,63,1,"visitante"
"Grêmio-RS",2012,0,0,NA
"Grêmio-RS",2013,0,0,NA
"Grêmio-RS",2014,0,0,NA
"Grêmio-RS",2015,0,0,NA
"Grêmio-RS",2016,0,0,NA
"Grêmio-RS",2017,0,0,NA
"Grêmio-RS",2018,0,0,NA
"Grêmio-RS",2019,0,0,NA
"Grêmio-RS",2020,0,0,NA
"Hellas Verona",2013,39,3,"visitante"
"Hellas Verona",2014,54,1,"visitante"
"Hellas Verona",2015,45,5,"visitante"
"Hellas Verona",2017,45,5,"visitante"
"Hellas Verona",2019,47,3,"visitante"
"Hellas Verona",2020,0,1,"visitante"
"Hercules",2010,55,3,"visitante"
"Huddersfield",2017,35,1,"visitante"
"Huddersfield",2018,28,1,"visitante"
"Huesca",2018,54,2,"visitante"
"Hull City|Hull",2008,43,0,"visitante"
"Hull City|Hull",2009,38,3,"visitante"
"Hull City|Hull",2013,28,3,"visitante"
"Hull City|Hull",2014,43,3,"visitante"
"Hull City|Hull",2016,35,3,"visitante"
"Internacional-RS",2012,0,0,NA
"Internacional-RS",2013,0,0,NA
"Internacional-RS",2014,0,0,NA
"Internacional-RS",2015,0,0,NA
"Internacional-RS",2016,0,0,NA
"Internacional-RS",2018,0,0,NA
"Internacional-RS",2019,0,0,NA
"Internacional-RS",2020,0,0,NA
"Internazionale",2006,44,5,"visitante"
"Internazionale",2007,37,3,"visitante"
"Internazionale",2008,37,3,"visitante"
"Internazionale",2009,50,3,"visitante"
"Internazionale",2010,34,2,"visitante"
"Internazionale",2011,35,1,"visitante"
"Internazionale",2012,45,3,"visitante"
"Internazionale",2013,38,2,"visitante"
"Internazionale",2014,55,3,"visitante"
"Internazionale",2015,42,7,"visitante"
"Internazionale",2016,42,4,"visitante"
"Internazionale",2017,40,0,"visitante"
"Internazionale",2018,42,2,"visitante"
"Internazionale",2019,53,3,"visitante"
"Internazionale",2020,3,0,"visitante"
"Joinville-SC",2015,0,0,NA
"Juventus",2007,50,3,"visitante"
"Juventus",2008,45,2,"visitante"
"Juventus",2009,52,3,"visitante"
"Juventus",2010,42,3,"visitante"
"Juventus",2011,40,2,"visitante"
"Juventus",2012,40,0,"visitante"
"Juventus",2013,40,1,"visitante"
"Juventus",2014,41,3,"visitante"
"Juventus",2015,49,5,"visitante"
"Juventus",2016,41,0,"visitante"
"Juventus",2017,36,1,"visitante"
"Juventus",2018,46,2,"visitante"
"Juventus",2019,49,2,"visitante"
"La Coruña",2006,44,6,"visitante"
"La Coruña",2007,46,3,"visitante"
"La Coruña",2008,42,2,"visitante"
"La Coruña",2009,35,6,"visitante"
"La Coruña",2010,47,3,"visitante"
"La Coruña",2012,45,3,"visitante"
"La Coruña",2014,55,1,"visitante"
"La Coruña",2015,39,1,"visitante"
"La Coruña",2016,52,4,"visitante"
"La Coruña",2017,44,0,"visitante"
"Las Palmas",2015,44,4,"visitante"
"Las Palmas",2016,52,3,"visitante"
"Las Palmas",2017,52,2,"visitante"
"Lázio",2006,42,7,"visitante"
"Lázio",2007,50,11,"visitante"
"Lázio",2008,44,2,"visitante"
"Lázio",2009,52,3,"visitante"
"Lázio",2010,40,6,"visitante"
"Lázio",2011,45,6,"visitante"
"Lázio",2012,37,7,"visitante"
"Lázio",2013,37,5,"visitante"
"Lázio",2014,59,4,"visitante"
"Lázio",2015,46,8,"visitante"
"Lázio",2016,49,1,"visitante"
"Lázio",2017,46,2,"visitante"
"Lázio",2018,52,1,"visitante"
"Lázio",2019,53,2,"visitante"
"Lázio",2020,2,0,"visitante"
"Lecce",2008,49,5,"visitante"
"Lecce",2010,46,4,"visitante"
"Lecce",2011,43,4,"visitante"
"Lecce",2019,52,4,"visitante"
"Leganés",2016,54,2,"visitante"
"Leganés",2017,65,2,"visitante"
"Leganés",2018,50,2,"visitante"
"Leganés",2019,67,2,"visitante"
"Leicester",2014,29,2,"visitante"
"Leicester",2015,31,2,"visitante"
"Leicester",2016,41,1,"visitante"
"Leicester",2017,30,3,"visitante"
"Leicester",2018,24,3,"visitante"
"Leicester",2019,22,2,"visitante"
"Levante",2006,63,3,"visitante"
"Levante",2007,50,0,"visitante"
"Levante",2010,64,2,"visitante"
"Levante",2011,59,2,"visitante"
"Levante",2012,61,4,"visitante"
"Levante",2013,59,5,"visitante"
"Levante",2014,54,1,"visitante"
"Levante",2015,64,2,"visitante"
"Levante",2017,58,3,"visitante"
"Levante",2018,53,2,"visitante"
"Levante",2019,39,2,"visitante"
"Liverpool",2006,30,0,"visitante"
"Liverpool",2007,26,1,"visitante"
"Liverpool",2008,30,0,"visitante"
"Liverpool",2009,34,3,"visitante"
"Liverpool",2010,40,1,"visitante"
"Liverpool",2011,33,5,"visitante"
"Liverpool",2012,35,1,"visitante"
"Liverpool",2013,38,0,"visitante"
"Liverpool",2014,37,1,"visitante"
"Liverpool",2015,38,2,"visitante"
"Liverpool",2016,32,0,"visitante"
"Liverpool",2017,26,1,"visitante"
"Liverpool",2018,24,1,"visitante"
"Liverpool",2019,25,0,"visitante"
"Livorno",2006,37,5,"visitante"
"Livorno",2007,44,3,"visitante"
"Livorno",2009,41,5,"visitante"
"Livorno",2013,44,2,"visitante"
"Málaga",2008,46,4,"visitante"
"Málaga",2009,70,4,"visitante"
"Málaga",2010,52,6,"visitante"
"Málaga",2011,34,4,"visitante"
"Málaga",2012,47,4,"visitante"
"Málaga",2013,71,6,"visitante"
"Málaga",2014,46,4,"visitante"
"Málaga",2015,54,3,"visitante"
"Málaga",2016,58,5,"visitante"
"Málaga",2017,46,2,"visitante"
"Mallorca",2006,48,2,"visitante"
"Mallorca",2007,42,8,"visitante"
"Mallorca",2008,60,5,"visitante"
"Mallorca",2009,47,3,"visitante"
"Mallorca",2010,47,3,"visitante"
"Mallorca",2011,58,2,"visitante"
"Mallorca",2012,46,6,"visitante"
"Mallorca",2019,39,1,"visitante"
"Manchester City",2006,37,3,"visitante"
"Manchester City",2007,32,3,"visitante"
"Manchester City",2008,37,0,"visitante"
"Manchester City",2009,30,2,"visitante"
"Manchester City",2010,44,2,"visitante"
"Manchester City",2011,38,3,"visitante"
"Manchester City",2012,35,3,"visitante"
"Manchester City",2013,39,1,"visitante"
"Manchester City",2014,42,1,"visitante"
"Manchester City",2015,36,0,"visitante"
"Manchester City",2016,39,0,"visitante"
"Manchester City",2017,32,1,"visitante"
"Manchester City",2018,27,1,"visitante"
"Manchester City",2019,33,3,"visitante"
"Manchester United",2006,37,1,"visitante"
"Manchester United",2007,31,1,"visitante"
"Manchester United",2008,40,4,"visitante"
"Manchester United",2009,28,4,"visitante"
"Manchester United",2010,42,2,"visitante"
"Manchester United",2011,26,0,"visitante"
"Manchester United",2012,34,0,"visitante"
"Manchester United",2013,42,2,"visitante"
"Manchester United",2014,33,4,"visitante"
"Manchester United",2015,36,1,"visitante"
"Manchester United",2016,40,1,"visitante"
"Manchester United",2017,35,1,"visitante"
"Manchester United",2018,41,3,"visitante"
"Manchester United",2019,43,0,"visitante"
"Messina",2006,54,11,"visitante"
"Middlesbrough",2006,41,2,"visitante"
"Middlesbrough",2007,49,2,"visitante"
"Middlesbrough",2008,23,2,"visitante"
"Middlesbrough",2016,38,1,"visitante"
"Murcia",2007,57,3,"visitante"
"Napoli",2007,54,3,"visitante"
"Napoli",2008,40,6,"visitante"
"Napoli",2009,53,5,"visitante"
"Napoli",2010,52,4,"visitante"
"Napoli",2011,48,3,"visitante"
"Napoli",2012,49,0,"visitante"
"Napoli",2013,34,3,"visitante"
"Napoli",2014,39,3,"visitante"
"Napoli",2015,40,2,"visitante"
"Napoli",2016,34,2,"visitante"
"Napoli",2017,35,2,"visitante"
"Napoli",2018,43,4,"visitante"
"Napoli",2019,38,1,"visitante"
"Náutico-PE",2012,0,0,NA
"Náutico-PE",2013,0,0,NA
"Newcastle",2006,43,0,"visitante"
"Newcastle",2007,34,1,"visitante"
"Newcastle",2008,39,4,"visitante"
"Newcastle",2010,43,1,"visitante"
"Newcastle",2011,36,2,"visitante"
"Newcastle",2012,35,3,"visitante"
"Newcastle",2013,30,5,"visitante"
"Newcastle",2014,33,6,"visitante"
"Newcastle",2015,21,3,"visitante"
"Newcastle",2017,29,0,"visitante"
"Newcastle",2018,32,1,"visitante"
"Newcastle",2019,32,2,"visitante"
"Norwich",2011,33,1,"visitante"
"Norwich",2012,27,1,"visitante"
"Norwich",2013,36,1,"visitante"
"Norwich",2015,32,3,"visitante"
"Norwich",2019,38,0,"visitante"
"Novara",2011,36,3,"visitante"
"Numancia",2008,48,4,"visitante"
"Osasuna",2006,58,5,"visitante"
"Osasuna",2007,54,5,"visitante"
"Osasuna",2008,50,4,"visitante"
"Osasuna",2009,42,3,"visitante"
"Osasuna",2010,50,4,"visitante"
"Osasuna",2011,47,5,"visitante"
"Osasuna",2012,52,7,"visitante"
"Osasuna",2013,45,4,"visitante"
"Osasuna",2016,43,2,"visitante"
"Osasuna",2019,55,4,"visitante"
"Palermo",2006,44,5,"visitante"
"Palermo",2007,41,6,"visitante"
"Palermo",2008,41,5,"visitante"
"Palermo",2009,43,3,"visitante"
"Palermo",2010,45,1,"visitante"
"Palermo",2011,43,4,"visitante"
"Palermo",2012,44,5,"visitante"
"Palermo",2014,42,3,"visitante"
"Palermo",2015,49,3,"visitante"
"Palermo",2016,46,5,"visitante"
"Palmeiras-SP",2012,0,0,NA
"Palmeiras-SP",2014,0,0,NA
"Palmeiras-SP",2015,0,0,NA
"Palmeiras-SP",2016,0,0,NA
"Palmeiras-SP",2017,0,0,NA
"Palmeiras-SP",2018,0,0,NA
"Palmeiras-SP",2019,0,0,NA
"Palmeiras-SP",2020,0,0,NA
"Paraná-PR",2018,0,0,NA
"Parma",2006,48,6,"visitante"
"Parma",2007,57,4,"visitante"
"Parma",2009,44,3,"visitante"
"Parma",2010,42,5,"visitante"
"Parma",2011,38,1,"visitante"
"Parma",2012,56,1,"visitante"
"Parma",2013,47,3,"visitante"
"Parma",2014,40,4,"visitante"
"Parma",2018,46,1,"visitante"
"Parma",2019,40,0,"visitante"
"Parma",2020,2,0,"visitante"
"Pescara",2012,47,7,"visitante"
"Pescara",2016,47,1,"visitante"
"Ponte Preta-SP",2012,0,0,NA
"Ponte Preta-SP",2013,0,0,NA
"Ponte Preta-SP",2015,0,0,NA
"Ponte Preta-SP",2016,0,0,NA
"Ponte Preta-SP",2017,0,0,NA
"Portsmouth",2006,26,0,"visitante"
"Portsmouth",2007,31,1,"visitante"
"Portsmouth",2008,32,2,"visitante"
"Portsmouth",2009,34,2,"visitante"
"Portuguesa-SP",2012,0,0,NA
"Portuguesa-SP",2013,0,0,NA
"Queens Park Rangers",2011,28,3,"visitante"
"Queens Park Rangers",2012,37,1,"visitante"
"Queens Park Rangers",2014,39,2,"visitante"
"Racing Santander",2006,58,6,"visitante"
"Racing Santander",2007,52,4,"visitante"
"Racing Santander",2008,76,7,"visitante"
"Racing Santander",2009,48,5,"visitante"
"Racing Santander",2010,36,3,"visitante"
"Racing Santander",2011,59,5,"visitante"
"Reading",2006,22,2,"visitante"
"Reading",2007,35,2,"visitante"
"Reading",2012,24,0,"visitante"
"Real Madrid",2006,58,6,"visitante"
"Real Madrid",2007,46,5,"visitante"
"Real Madrid",2008,57,6,"visitante"
"Real Madrid",2009,53,2,"visitante"
"Real Madrid",2010,51,3,"visitante"
"Real Madrid",2011,55,4,"visitante"
"Real Madrid",2012,53,3,"visitante"
"Real Madrid",2013,46,2,"visitante"
"Real Madrid",2014,48,2,"visitante"
"Real Madrid",2015,39,3,"visitante"
"Real Madrid",2016,29,0,"visitante"
"Real Madrid",2017,41,2,"visitante"
"Real Madrid",2018,52,4,"visitante"
"Real Madrid",2019,41,3,"visitante"
"Real Sociedad",2006,50,2,"visitante"
"Real Sociedad",2010,40,0,"visitante"
"Real Sociedad",2011,40,7,"visitante"
"Real Sociedad",2012,49,2,"visitante"
"Real Sociedad",2013,41,0,"visitante"
"Real Sociedad",2014,48,1,"visitante"
"Real Sociedad",2015,56,1,"visitante"
"Real Sociedad",2016,42,5,"visitante"
"Real Sociedad",2017,26,1,"visitante"
"Real Sociedad",2018,40,3,"visitante"
"Real Sociedad",2019,43,1,"visitante"
"Real Zaragoza",2006,67,6,"visitante"
"Real Zaragoza",2007,54,4,"visitante"
"Real Zaragoza",2009,61,3,"visitante"
"Real Zaragoza",2010,55,5,"visitante"
"Real Zaragoza",2011,62,6,"visitante"
"Real Zaragoza",2012,60,5,"visitante"
"Recreativo Huelva",2006,33,2,"visitante"
"Recreativo Huelva",2007,53,3,"visitante"
"Recreativo Huelva",2008,46,4,"visitante"
"Reggina",2006,51,2,"visitante"
"Reggina",2007,43,1,"visitante"
"Reggina",2008,47,3,"visitante"
"Roma",2006,48,2,"visitante"
"Roma",2007,41,1,"visitante"
"Roma",2008,46,9,"visitante"
"Roma",2009,50,1,"visitante"
"Roma",2010,44,7,"visitante"
"Roma",2011,38,7,"visitante"
"Roma",2012,42,5,"visitante"
"Roma",2013,47,4,"visitante"
"Roma",2014,58,1,"visitante"
"Roma",2015,48,3,"visitante"
"Roma",2016,38,0,"visitante"
"Roma",2017,26,2,"visitante"
"Roma",2018,50,1,"visitante"
"Roma",2019,59,4,"visitante"
"Roma",2020,4,0,"visitante"
"Sampdoria",2006,42,3,"visitante"
"Sampdoria",2007,58,4,"visitante"
"Sampdoria",2008,43,4,"visitante"
"Sampdoria",2009,37,7,"visitante"
"Sampdoria",2010,35,2,"visitante"
"Sampdoria",2012,43,8,"visitante"
"Sampdoria",2013,43,2,"visitante"
"Sampdoria",2014,50,2,"visitante"
"Sampdoria",2015,50,4,"visitante"
"Sampdoria",2016,38,4,"visitante"
"Sampdoria",2017,39,2,"visitante"
"Sampdoria",2018,49,2,"visitante"
"Sampdoria",2019,52,4,"visitante"
"Sampdoria",2020,4,1,"visitante"
"Santa Cruz-PE",2016,0,0,NA
"Santos-SP",2012,0,0,NA
"Santos-SP",2013,0,0,NA
"Santos-SP",2014,0,0,NA
"Santos-SP",2015,0,0,NA
"Santos-SP",2016,0,0,NA
"Santos-SP",2017,0,0,NA
"Santos-SP",2018,0,0,NA
"Santos-SP",2019,0,0,NA
"Santos-SP",2020,0,0,NA
"São Paulo-SP",2012,0,0,NA
"São Paulo-SP",2013,0,0,NA
"São Paulo-SP",2014,0,0,NA
"São Paulo-SP",2015,0,0,NA
"São Paulo-SP",2016,0,0,NA
"São Paulo-SP",2017,0,0,NA
"São Paulo-SP",2018,0,0,NA
"São Paulo-SP",2019,0,0,NA
"São Paulo-SP",2020,0,0,NA
"Sassuolo",2013,47,2,"visitante"
"Sassuolo",2014,46,7,"visitante"
"Sassuolo",2015,48,2,"visitante"
"Sassuolo",2016,42,1,"visitante"
"Sassuolo",2017,45,4,"visitante"
"Sassuolo",2018,46,6,"visitante"
"Sassuolo",2019,54,1,"visitante"
"Sevilla",2006,59,8,"visitante"
"Sevilla",2007,51,7,"visitante"
"Sevilla",2008,52,5,"visitante"
"Sevilla",2009,50,8,"visitante"
"Sevilla",2010,52,5,"visitante"
"Sevilla",2011,64,4,"visitante"
"Sevilla",2012,48,8,"visitante"
"Sevilla",2013,63,6,"visitante"
"Sevilla",2014,59,1,"visitante"
"Sevilla",2015,49,6,"visitante"
"Sevilla",2016,54,3,"visitante"
"Sevilla",2017,55,1,"visitante"
"Sevilla",2018,58,5,"visitante"
"Sevilla",2019,53,1,"visitante"
"Sheffield United",2006,37,2,"visitante"
"Sheffield United",2019,31,1,"visitante"
"Siena",2006,47,7,"visitante"
"Siena",2007,47,2,"visitante"
"Siena",2008,30,2,"visitante"
"Siena",2009,54,3,"visitante"
"Siena",2011,50,1,"visitante"
"Siena",2012,45,4,"visitante"
"Southampton",2012,20,0,"visitante"
"Southampton",2013,37,0,"visitante"
"Southampton",2014,34,1,"visitante"
"Southampton",2015,30,3,"visitante"
"Southampton",2016,35,0,"visitante"
"Southampton",2017,34,2,"visitante"
"Southampton",2018,32,1,"visitante"
"Southampton",2019,34,0,"visitante"
"SPAL",2017,48,2,"visitante"
"SPAL",2018,57,1,"visitante"
"SPAL",2019,52,0,"visitante"
"Sport-PE",2012,0,0,NA
"Sport-PE",2014,0,0,NA
"Sport-PE",2015,0,0,NA
"Sport-PE",2016,0,0,NA
"Sport-PE",2017,0,0,NA
"Sport-PE",2018,0,0,NA
"Sport-PE",2020,0,0,NA
"Sporting Gijón",2008,54,2,"visitante"
"Sporting Gijón",2009,46,5,"visitante"
"Sporting Gijón",2010,43,4,"visitante"
"Sporting Gijón",2011,61,3,"visitante"
"Sporting Gijón",2015,50,5,"visitante"
"Sporting Gijón",2016,58,2,"visitante"
"Stoke",2008,34,3,"visitante"
"Stoke",2009,36,2,"visitante"
"Stoke",2010,40,1,"visitante"
"Stoke",2011,36,1,"visitante"
"Stoke",2012,46,2,"visitante"
"Stoke",2013,36,4,"visitante"
"Stoke",2014,49,1,"visitante"
"Stoke",2015,27,2,"visitante"
"Stoke",2016,35,0,"visitante"
"Stoke",2017,32,0,"visitante"
"Sunderland",2007,38,3,"visitante"
"Sunderland",2008,35,1,"visitante"
"Sunderland",2009,40,7,"visitante"
"Sunderland",2010,35,3,"visitante"
"Sunderland",2011,33,2,"visitante"
"Sunderland",2012,37,2,"visitante"
"Sunderland",2013,29,5,"visitante"
"Sunderland",2014,49,1,"visitante"
"Sunderland",2015,33,1,"visitante"
"Sunderland",2016,41,2,"visitante"
"Swansea",2011,19,2,"visitante"
"Swansea",2012,33,0,"visitante"
"Swansea",2013,27,1,"visitante"
"Swansea",2014,23,4,"visitante"
"Swansea",2015,27,0,"visitante"
"Swansea",2016,26,0,"visitante"
"Swansea",2017,27,1,"visitante"
"Tenerife",2009,46,4,"visitante"
"Torino",2006,47,3,"visitante"
"Torino",2007,61,4,"visitante"
"Torino",2008,52,5,"visitante"
"Torino",2012,43,4,"visitante"
"Torino",2013,57,1,"visitante"
"Torino",2014,57,3,"visitante"
"Torino",2015,52,0,"visitante"
"Torino",2016,49,4,"visitante"
"Torino",2017,44,3,"visitante"
"Torino",2018,52,2,"visitante"
"Torino",2019,43,3,"visitante"
"Torino",2020,3,0,"visitante"
"Tottenham",2006,25,2,"visitante"
"Tottenham",2007,29,0,"visitante"
"Tottenham",2008,35,5,"visitante"
"Tottenham",2009,31,1,"visitante"
"Tottenham",2010,23,1,"visitante"
"Tottenham",2011,30,3,"visitante"
"Tottenham",2012,29,1,"visitante"
"Tottenham",2013,35,2,"visitante"
"Tottenham",2014,42,3,"visitante"
"Tottenham",2015,42,0,"visitante"
"Tottenham",2016,35,0,"visitante"
"Tottenham",2017,29,2,"visitante"
"Tottenham",2018,36,3,"visitante"
"Tottenham",2019,43,1,"visitante"
"Udinese",2006,38,5,"visitante"
"Udinese",2007,38,5,"visitante"
"Udinese",2008,43,2,"visitante"
"Udinese",2009,46,2,"visitante"
"Udinese",2010,40,3,"visitante"
"Udinese",2011,42,2,"visitante"
"Udinese",2012,42,2,"visitante"
"Udinese",2013,53,2,"visitante"
"Udinese",2014,51,3,"visitante"
"Udinese",2015,51,1,"visitante"
"Udinese",2016,43,0,"visitante"
"Udinese",2017,35,1,"visitante"
"Udinese",2018,41,1,"visitante"
"Udinese",2019,32,3,"visitante"
"Udinese",2020,1,0,"visitante"
"Valencia",2006,50,7,"visitante"
"Valencia",2007,52,3,"visitante"
"Valencia",2008,57,4,"visitante"
"Valencia",2009,59,5,"visitante"
"Valencia",2010,55,7,"visitante"
"Valencia",2011,76,4,"visitante"
"Valencia",2012,65,3,"visitante"
"Valencia",2013,50,2,"visitante"
"Valencia",2014,56,8,"visitante"
"Valencia",2015,67,5,"visitante"
"Valencia",2016,56,4,"visitante"
"Valencia",2017,63,3,"visitante"
"Valencia",2018,47,3,"visitante"
"Valencia",2019,43,6,"visitante"
"Valladolid",2007,44,5,"visitante"
"Valladolid",2008,44,7,"visitante"
"Valladolid",2009,41,4,"visitante"
"Valladolid",2012,40,3,"visitante"
"Valladolid",2013,50,2,"visitante"
"Valladolid",2018,48,0,"visitante"
"Valladolid",2019,40,0,"visitante"
"Vallecano",2011,71,2,"visitante"
"Vallecano",2012,77,2,"visitante"
"Vallecano",2013,45,5,"visitante"
"Vallecano",2014,52,2,"visitante"
"Vallecano",2015,52,4,"visitante"
"Vallecano",2018,53,4,"visitante"
"Vasco da Gama-RJ",2012,0,0,NA
"Vasco da Gama-RJ",2013,0,0,NA
"Vasco da Gama-RJ",2015,0,0,NA
"Vasco da Gama-RJ",2017,0,0,NA
"Vasco da Gama-RJ",2018,0,0,NA
"Vasco da Gama-RJ",2019,0,0,NA
"Vasco da Gama-RJ",2020,0,0,NA
"Villarreal",2006,47,3,"visitante"
"Villarreal",2007,49,3,"visitante"
"Villarreal",2008,41,5,"visitante"
"Villarreal",2009,54,4,"visitante"
"Villarreal",2010,45,4,"visitante"
"Villarreal",2011,51,4,"visitante"
"Villarreal",2013,36,1,"visitante"
"Villarreal",2014,65,1,"visitante"
"Villarreal",2015,46,3,"visitante"
"Villarreal",2016,51,1,"visitante"
"Villarreal",2017,56,3,"visitante"
"Villarreal",2018,57,2,"visitante"
"Villarreal",2019,39,1,"visitante"
"Vitória-BA",2013,0,0,NA
"Vitória-BA",2014,0,0,NA
"Vitória-BA",2016,0,0,NA
"Vitória-BA",2017,0,0,NA
"Vitória-BA",2018,0,0,NA
"Watford",2006,25,1,"visitante"
"Watford",2015,36,1,"visitante"
"Watford",2016,33,3,"visitante"
"Watford",2017,22,2,"visitante"
"Watford",2018,39,1,"visitante"
"Watford",2019,37,1,"visitante"
"West Brom",2008,29,0,"visitante"
"West Brom",2010,25,4,"visitante"
"West Brom",2011,30,1,"visitante"
"West Brom",2012,35,3,"visitante"
"West Brom",2013,34,0,"visitante"
"West Brom",2014,30,2,"visitante"
"West Brom",2015,38,1,"visitante"
"West Brom",2016,47,0,"visitante"
"West Brom",2017,37,1,"visitante"
"West Ham",2006,40,1,"visitante"
"West Ham",2007,41,1,"visitante"
"West Ham",2008,39,3,"visitante"
"West Ham",2009,39,2,"visitante"
"West Ham",2010,36,1,"visitante"
"West Ham",2012,48,0,"visitante"
"West Ham",2013,39,3,"visitante"
"West Ham",2014,31,1,"visitante"
"West Ham",2015,36,2,"visitante"
"West Ham",2016,30,4,"visitante"
"West Ham",2017,38,2,"visitante"
"West Ham",2018,31,1,"visitante"
"West Ham",2019,28,1,"visitante"
"Wigan",2006,47,3,"visitante"
"Wigan",2007,31,2,"visitante"
"Wigan",2008,35,2,"visitante"
"Wigan",2009,37,3,"visitante"
"Wigan",2010,41,3,"visitante"
"Wigan",2011,33,2,"visitante"
"Wigan",2012,38,2,"visitante"
"Wolves",2009,40,3,"visitante"
"Wolves",2010,36,2,"visitante"
"Wolves",2011,34,1,"visitante"
"Wolves",2018,39,1,"visitante"
"Wolves",2019,29,2,"visitante"
"Xerez",2009,56,10,"visitante"
