"ano","posicao","time","J","V","E","D","PF","PC","Dif. pts.","PTS","pais","CA","CV"
2006,1,"São Paulo-SP",38,22,12,4,66,32,34,78,"BRA",NA,NA
2006,2,"Internacional-RS",38,20,9,9,52,36,16,69,"BRA",NA,NA
2006,3,"Grêmio-RS",38,20,7,11,64,45,19,67,"BRA",NA,NA
2006,4,"Santos-SP",38,18,10,10,57,34,23,64,"BRA",NA,NA
2006,5,"Paraná-PR",38,18,6,14,56,49,7,60,"BRA",NA,NA
2006,6,"Vasco da Gama-RJ",38,15,14,9,57,50,7,59,"BRA",NA,NA
2006,7,"Figueirense-SC",38,15,12,11,52,44,8,57,"BRA",NA,NA
2006,8,"Goiás-GO",38,15,10,13,62,49,13,55,"BRA",NA,NA
2006,9,"Cruzeiro-MG",38,14,11,13,52,45,7,53,"BRA",NA,NA
2006,10,"Corinthians-SP",38,15,8,15,41,45,-4,53,"BRA",NA,NA
2006,11,"Flamengo-RJ",38,15,7,16,44,48,-4,52,"BRA",NA,NA
2006,12,"Botafogo-RJ",38,13,12,13,52,50,2,51,"BRA",NA,NA
2006,13,"Athletico-PR",38,13,9,16,60,60,0,48,"BRA",NA,NA
2006,14,"Juventude-RS",38,13,8,17,44,54,-10,47,"BRA",NA,NA
2006,15,"Fluminense-RJ",38,11,12,15,48,58,-10,45,"BRA",NA,NA
2006,16,"Palmeiras-SP",38,12,8,18,58,70,-12,44,"BRA",NA,NA
2006,17,"Ponte Preta-SP",38,10,9,19,45,65,-20,39,"BRA",NA,NA
2006,18,"Fortaleza-CE",38,8,14,16,39,62,-23,38,"BRA",NA,NA
2006,19,"São Caetano-SP",38,9,9,20,37,53,-16,36,"BRA",NA,NA
2006,20,"Santa Cruz-PE",38,7,7,24,39,76,-37,28,"BRA",NA,NA
2007,1,"São Paulo-SP",38,23,8,7,55,19,36,77,"BRA",NA,NA
2007,2,"Santos-SP",38,19,5,14,56,47,9,62,"BRA",NA,NA
2007,3,"Fluminense-RJ",38,16,13,9,57,39,18,61,"BRA",NA,NA
2007,4,"Flamengo-RJ",38,17,10,11,55,49,6,61,"BRA",NA,NA
2007,5,"Cruzeiro-MG",38,18,6,14,73,58,15,60,"BRA",NA,NA
2007,6,"Palmeiras-SP",38,16,10,12,48,47,1,58,"BRA",NA,NA
2007,7,"Grêmio-RS",38,17,7,14,44,43,1,58,"BRA",NA,NA
2007,8,"Atlético-MG",38,15,10,13,63,51,12,55,"BRA",NA,NA
2007,9,"Botafogo-RJ",38,14,13,11,62,58,4,55,"BRA",NA,NA
2007,10,"Vasco da Gama-RJ",38,15,9,14,58,47,11,54,"BRA",NA,NA
2007,11,"Internacional-RS",38,15,9,14,49,44,5,54,"BRA",NA,NA
2007,12,"Athletico-PR",38,14,12,12,51,50,1,54,"BRA",NA,NA
2007,13,"Figueirense-SC",38,14,11,13,57,56,1,53,"BRA",NA,NA
2007,14,"Sport-PE",38,14,9,15,54,55,-1,51,"BRA",NA,NA
2007,15,"Náutico-PE",38,14,7,17,66,63,3,49,"BRA",NA,NA
2007,16,"Goiás-GO",38,13,6,19,49,62,-13,45,"BRA",NA,NA
2007,17,"Corinthians-SP",38,10,14,14,40,50,-10,44,"BRA",NA,NA
2007,18,"Juventude-RS",38,11,8,19,43,65,-22,41,"BRA",NA,NA
2007,19,"Paraná-PR",38,11,8,19,42,64,-22,41,"BRA",NA,NA
2007,20,"América-RN",38,4,5,29,24,79,-55,17,"BRA",NA,NA
2008,1,"São Paulo-SP",38,21,12,5,66,36,30,75,"BRA",NA,NA
2008,2,"Grêmio-RS",38,21,9,8,59,35,24,72,"BRA",NA,NA
2008,3,"Cruzeiro-MG",38,21,4,13,59,44,15,67,"BRA",NA,NA
2008,4,"Palmeiras-SP",38,19,8,11,55,45,10,65,"BRA",NA,NA
2008,5,"Flamengo-RJ",38,18,10,10,67,48,19,64,"BRA",NA,NA
2008,6,"Internacional-RS",38,15,9,14,48,47,1,54,"BRA",NA,NA
2008,7,"Goiás-GO",38,14,11,13,57,47,10,53,"BRA",NA,NA
2008,8,"Coritiba-PR",38,14,11,13,55,48,7,53,"BRA",NA,NA
2008,9,"Botafogo-RJ",38,15,8,15,51,44,7,53,"BRA",NA,NA
2008,10,"Vitória-BA",38,15,7,16,48,44,4,52,"BRA",NA,NA
2008,11,"Sport-PE",38,14,10,14,48,45,3,52,"BRA",NA,NA
2008,12,"Atlético-MG",38,12,12,14,50,61,-11,48,"BRA",NA,NA
2008,13,"Fluminense-RJ",38,11,12,15,49,48,1,45,"BRA",NA,NA
2008,14,"Athletico-PR",38,12,9,17,45,54,-9,45,"BRA",NA,NA
2008,15,"Santos-SP",38,11,12,15,44,53,-9,45,"BRA",NA,NA
2008,16,"Náutico-PE",38,11,11,16,44,54,-10,44,"BRA",NA,NA
2008,17,"Figueirense-SC",38,11,11,16,49,73,-24,44,"BRA",NA,NA
2008,18,"Vasco da Gama-RJ",38,11,7,20,56,72,-16,40,"BRA",NA,NA
2008,19,"Portuguesa-SP",38,9,11,18,48,70,-22,38,"BRA",NA,NA
2008,20,"Ipatinga-SP",38,9,8,21,37,67,-30,35,"BRA",NA,NA
2009,1,"Flamengo-RJ",38,19,10,9,58,44,14,67,"BRA",NA,NA
2009,2,"Internacional-RS",38,19,8,11,65,44,21,65,"BRA",NA,NA
2009,3,"São Paulo-SP",38,18,11,9,57,42,15,65,"BRA",NA,NA
2009,4,"Palmeiras-SP",38,17,11,10,58,45,13,62,"BRA",NA,NA
2009,5,"Cruzeiro-MG",38,18,8,12,58,53,5,62,"BRA",NA,NA
2009,6,"Avaí-SC",38,15,12,11,61,52,9,57,"BRA",NA,NA
2009,7,"Atlético-MG",38,16,8,14,55,56,-1,56,"BRA",NA,NA
2009,8,"Grêmio-RS",38,15,10,13,67,46,21,55,"BRA",NA,NA
2009,9,"Goiás-GO",38,15,10,13,64,65,-1,55,"BRA",NA,NA
2009,10,"Corinthians-SP",38,14,10,14,50,54,-4,52,"BRA",NA,NA
2009,11,"Gremio Barueri-SP",38,12,13,13,59,52,7,49,"BRA",NA,NA
2009,12,"Santos-SP",38,12,13,13,58,58,0,49,"BRA",NA,NA
2009,13,"Vitória-BA",38,13,9,16,51,57,-6,48,"BRA",NA,NA
2009,14,"Athletico-PR",38,13,9,16,42,49,-7,48,"BRA",NA,NA
2009,15,"Botafogo-RJ",38,11,14,13,52,58,-6,47,"BRA",NA,NA
2009,16,"Fluminense-RJ",38,11,13,14,49,56,-7,46,"BRA",NA,NA
2009,17,"Coritiba-PR",38,12,9,17,48,60,-12,45,"BRA",NA,NA
2009,18,"Santo André-SP",38,11,8,19,46,61,-15,41,"BRA",NA,NA
2009,19,"Náutico-PE",38,10,8,20,48,71,-23,38,"BRA",NA,NA
2009,20,"Sport-PE",38,7,10,21,48,71,-23,31,"BRA",NA,NA
2010,1,"Fluminense-RJ",38,20,11,7,62,36,26,71,"BRA",NA,NA
2010,2,"Cruzeiro-MG",38,20,9,9,53,38,15,69,"BRA",NA,NA
2010,3,"Corinthians-SP",38,19,11,8,65,41,24,68,"BRA",NA,NA
2010,4,"Grêmio-RS",38,17,12,9,68,43,25,63,"BRA",NA,NA
2010,5,"Athletico-PR",38,17,9,12,43,45,-2,60,"BRA",NA,NA
2010,6,"Botafogo-RJ",38,14,17,7,54,42,12,59,"BRA",NA,NA
2010,7,"Internacional-RS",38,16,10,12,48,41,7,58,"BRA",NA,NA
2010,8,"Santos-SP",38,15,11,12,63,49,14,56,"BRA",NA,NA
2010,9,"São Paulo-SP",38,15,10,13,54,54,0,55,"BRA",NA,NA
2010,10,"Palmeiras-SP",38,12,14,12,42,43,-1,50,"BRA",NA,NA
2010,11,"Vasco da Gama-RJ",38,11,16,11,43,45,-2,49,"BRA",NA,NA
2010,12,"Ceará-CE",38,10,17,11,35,44,-9,47,"BRA",NA,NA
2010,13,"Atlético-MG",38,13,6,19,52,64,-12,45,"BRA",NA,NA
2010,14,"Flamengo-RJ",38,9,17,12,41,44,-3,44,"BRA",NA,NA
2010,15,"Avaí-SC",38,11,10,17,49,58,-9,43,"BRA",NA,NA
2010,16,"Atlético-GO",38,11,9,18,51,57,-6,42,"BRA",NA,NA
2010,17,"Vitória-BA",38,9,15,14,42,48,-6,42,"BRA",NA,NA
2010,18,"Guarani-SP",38,8,13,17,33,53,-20,37,"BRA",NA,NA
2010,19,"Goiás-GO",38,8,9,21,41,68,-27,33,"BRA",NA,NA
2010,20,"Gremio Barueri-SP",38,7,10,21,38,64,-26,31,"BRA",NA,NA
2011,1,"Corinthians-SP",38,21,8,9,53,36,17,71,"BRA",NA,NA
2011,2,"Vasco da Gama-RJ",38,19,12,7,57,40,17,69,"BRA",NA,NA
2011,3,"Fluminense-RJ",38,20,3,15,60,51,9,63,"BRA",NA,NA
2011,4,"Flamengo-RJ",38,15,16,7,59,47,12,61,"BRA",NA,NA
2011,5,"Internacional-RS",38,16,12,10,57,43,14,60,"BRA",NA,NA
2011,6,"São Paulo-SP",38,16,11,11,57,46,11,59,"BRA",NA,NA
2011,7,"Figueirense-SC",38,15,13,10,46,45,1,58,"BRA",NA,NA
2011,8,"Coritiba-PR",38,16,9,13,57,41,16,57,"BRA",NA,NA
2011,9,"Botafogo-RJ",38,16,8,14,52,49,3,56,"BRA",NA,NA
2011,10,"Santos-SP",38,15,8,15,55,55,0,53,"BRA",NA,NA
2011,11,"Palmeiras-SP",38,11,17,10,43,39,4,50,"BRA",NA,NA
2011,12,"Grêmio-RS",38,13,9,16,49,57,-8,48,"BRA",NA,NA
2011,13,"Atlético-GO",38,12,12,14,50,45,5,48,"BRA",NA,NA
2011,14,"Bahia-BA",38,11,13,14,43,49,-6,46,"BRA",NA,NA
2011,15,"Atlético-MG",38,13,6,19,50,60,-10,45,"BRA",NA,NA
2011,16,"Cruzeiro-MG",38,11,10,17,48,51,-3,43,"BRA",NA,NA
2011,17,"Athletico-PR",38,10,11,17,38,55,-17,41,"BRA",NA,NA
2011,18,"Ceará-CE",38,10,9,19,47,64,-17,39,"BRA",NA,NA
2011,19,"América-MG",38,8,13,17,51,69,-18,37,"BRA",NA,NA
2011,20,"Avaí-SC",38,7,10,21,45,75,-30,31,"BRA",NA,NA
2012,1,"Fluminense-RJ",38,22,11,5,61,33,28,77,"BRA",85,3
2012,2,"Atlético-MG",38,20,12,6,64,36,28,72,"BRA",104,10
2012,3,"Grêmio-RS",38,20,11,7,56,33,23,71,"BRA",102,9
2012,4,"São Paulo-SP",38,20,6,12,59,37,22,66,"BRA",93,6
2012,5,"Vasco da Gama-RJ",38,16,10,12,45,44,1,58,"BRA",91,3
2012,6,"Corinthians-SP",38,15,12,11,51,39,12,57,"BRA",87,3
2012,7,"Botafogo-RJ",38,15,10,13,60,50,10,55,"BRA",75,3
2012,8,"Santos-SP",38,13,14,11,50,44,6,53,"BRA",82,4
2012,9,"Internacional-RS",38,13,13,12,44,40,4,52,"BRA",106,6
2012,10,"Cruzeiro-MG",38,15,7,16,47,51,-4,52,"BRA",121,9
2012,11,"Flamengo-RJ",38,12,14,12,39,46,-7,50,"BRA",81,6
2012,12,"Náutico-PE",38,14,7,17,44,51,-7,49,"BRA",86,6
2012,13,"Coritiba-PR",38,14,6,18,53,60,-7,48,"BRA",99,7
2012,14,"Ponte Preta-SP",38,12,12,14,37,44,-7,48,"BRA",94,2
2012,15,"Bahia-BA",38,11,14,13,37,41,-4,47,"BRA",112,2
2012,16,"Portuguesa-SP",38,10,15,13,39,41,-2,45,"BRA",87,4
2012,17,"Sport-PE",38,10,11,17,39,56,-17,41,"BRA",85,8
2012,18,"Palmeiras-SP",38,9,7,22,39,54,-15,34,"BRA",106,6
2012,19,"Atlético-GO",38,7,9,22,37,67,-30,30,"BRA",102,6
2012,20,"Figueirense-SC",38,7,9,22,38,72,-34,30,"BRA",95,9
2013,1,"Cruzeiro-MG",38,23,7,8,77,37,40,76,"BRA",73,4
2013,2,"Grêmio-RS",38,18,11,9,42,35,7,65,"BRA",79,6
2013,3,"Athletico-PR",38,18,10,10,65,49,16,64,"BRA",92,5
2013,4,"Botafogo-RJ",38,17,10,11,55,41,14,61,"BRA",82,3
2013,5,"Vitória-BA",38,16,11,11,59,53,6,59,"BRA",67,1
2013,6,"Goiás-GO",38,16,11,11,48,44,4,59,"BRA",68,5
2013,7,"Santos-SP",38,15,12,11,51,38,13,57,"BRA",80,3
2013,8,"Atlético-MG",38,15,12,11,49,38,11,57,"BRA",104,9
2013,9,"São Paulo-SP",38,14,8,16,39,40,-1,50,"BRA",88,10
2013,10,"Corinthians-SP",38,11,17,10,27,22,5,50,"BRA",66,3
2013,11,"Flamengo-RJ",38,12,13,13,43,46,-3,49,"BRA",66,5
2013,12,"Portuguesa-SP",38,12,12,14,50,46,4,48,"BRA",89,9
2013,13,"Coritiba-PR",38,12,12,14,42,45,-3,48,"BRA",101,4
2013,14,"Bahia-BA",38,12,12,14,37,45,-8,48,"BRA",102,7
2013,15,"Internacional-RS",38,11,15,12,51,52,-1,48,"BRA",95,7
2013,16,"Criciúma-SC",38,13,7,18,49,63,-14,46,"BRA",100,6
2013,17,"Fluminense-RJ",38,12,10,16,43,47,-4,46,"BRA",81,11
2013,18,"Vasco da Gama-RJ",38,11,11,16,50,61,-11,44,"BRA",92,2
2013,19,"Ponte Preta-SP",38,9,10,19,37,55,-18,37,"BRA",81,4
2013,20,"Náutico-PE",38,5,5,28,22,79,-57,20,"BRA",77,3
2014,1,"Cruzeiro-MG",38,24,8,6,67,38,29,80,"BRA",70,2
2014,2,"São Paulo-SP",38,20,10,8,59,40,19,70,"BRA",92,4
2014,3,"Internacional-RS",38,21,6,11,53,41,12,69,"BRA",92,6
2014,4,"Corinthians-SP",38,19,12,7,49,31,18,69,"BRA",70,3
2014,5,"Atlético-MG",38,17,11,10,51,38,13,62,"BRA",83,2
2014,6,"Fluminense-RJ",38,17,10,11,61,42,19,61,"BRA",75,5
2014,7,"Grêmio-RS",38,17,10,11,36,24,12,61,"BRA",95,3
2014,8,"Athletico-PR",38,15,9,14,43,42,1,54,"BRA",72,1
2014,9,"Santos-SP",38,15,8,15,42,35,7,53,"BRA",71,4
2014,10,"Flamengo-RJ",38,14,10,14,46,47,-1,52,"BRA",67,4
2014,11,"Sport-PE",38,14,10,14,36,46,-10,52,"BRA",74,2
2014,12,"Goiás-GO",38,13,8,17,38,40,-2,47,"BRA",77,2
2014,13,"Figueirense-SC",38,13,8,17,37,47,-10,47,"BRA",92,10
2014,14,"Coritiba-PR",38,12,11,15,42,45,-3,47,"BRA",96,2
2014,15,"Chapecoense-SC",38,11,10,17,39,44,-5,43,"BRA",67,2
2014,16,"Palmeiras-SP",38,11,7,20,34,59,-25,40,"BRA",92,7
2014,17,"Vitória-BA",38,10,8,20,37,54,-17,38,"BRA",78,2
2014,18,"Bahia-BA",38,9,10,19,31,43,-12,37,"BRA",94,7
2014,19,"Botafogo-RJ",38,9,7,22,31,48,-17,34,"BRA",86,9
2014,20,"Criciúma-SC",38,7,11,20,28,56,-28,32,"BRA",114,5
2015,1,"Corinthians-SP",38,24,9,5,71,31,40,81,"BRA",64,2
2015,2,"Atlético-MG",38,21,6,11,65,47,18,69,"BRA",76,4
2015,3,"Grêmio-RS",38,20,8,10,52,32,20,68,"BRA",95,2
2015,4,"São Paulo-SP",38,18,8,12,53,47,6,62,"BRA",73,5
2015,5,"Internacional-RS",38,17,9,12,39,38,1,60,"BRA",101,6
2015,6,"Sport-PE",38,15,14,9,53,38,15,59,"BRA",72,2
2015,7,"Santos-SP",38,16,10,12,59,41,18,58,"BRA",79,9
2015,8,"Cruzeiro-MG",38,15,10,13,44,35,9,55,"BRA",89,5
2015,9,"Palmeiras-SP",38,15,8,15,60,51,9,53,"BRA",91,5
2015,10,"Athletico-PR",38,14,9,15,43,48,-5,51,"BRA",87,7
2015,11,"Ponte Preta-SP",38,13,12,13,41,40,1,51,"BRA",99,5
2015,12,"Flamengo-RJ",38,15,4,19,45,53,-8,49,"BRA",82,6
2015,13,"Fluminense-RJ",38,14,5,19,40,49,-9,47,"BRA",98,10
2015,14,"Chapecoense-SC",38,12,11,15,34,44,-10,47,"BRA",84,3
2015,15,"Coritiba-PR",38,11,11,16,31,42,-11,44,"BRA",113,5
2015,16,"Figueirense-SC",38,11,10,17,36,50,-14,43,"BRA",111,5
2015,17,"Avaí-SC",38,11,9,18,38,60,-22,42,"BRA",119,3
2015,18,"Vasco da Gama-RJ",38,10,11,17,28,54,-26,41,"BRA",108,14
2015,19,"Goiás-GO",38,10,8,20,39,49,-10,38,"BRA",89,3
2015,20,"Joinville-SC",38,7,10,21,26,48,-22,31,"BRA",94,8
2016,1,"Palmeiras-SP",38,24,8,6,62,32,30,80,"BRA",95,0
2016,2,"Santos-SP",38,22,5,11,59,35,24,71,"BRA",74,4
2016,3,"Flamengo-RJ",38,20,11,7,52,35,17,71,"BRA",62,5
2016,4,"Atlético-MG",38,17,11,10,61,53,8,62,"BRA",74,4
2016,5,"Botafogo-RJ",38,17,8,13,43,39,4,59,"BRA",93,2
2016,6,"Athletico-PR",38,17,6,15,38,32,6,57,"BRA",76,1
2016,7,"Corinthians-SP",38,15,10,13,48,42,6,55,"BRA",76,5
2016,8,"Ponte Preta-SP",38,15,8,15,48,52,-4,53,"BRA",97,3
2016,9,"Grêmio-RS",38,14,11,13,41,44,-3,53,"BRA",93,6
2016,10,"São Paulo-SP",38,14,10,14,44,36,8,52,"BRA",87,5
2016,11,"Chapecoense-SC",38,13,13,12,49,56,-7,52,"BRA",75,2
2016,12,"Cruzeiro-MG",38,14,9,15,48,49,-1,51,"BRA",95,9
2016,13,"Fluminense-RJ",38,13,11,14,45,45,0,50,"BRA",86,1
2016,14,"Sport-PE",38,13,8,17,49,55,-6,47,"BRA",81,7
2016,15,"Coritiba-PR",38,11,13,14,41,42,-1,46,"BRA",94,4
2016,16,"Vitória-BA",38,12,9,17,51,53,-2,45,"BRA",101,6
2016,17,"Internacional-RS",38,11,10,17,35,41,-6,43,"BRA",98,5
2016,18,"Figueirense-SC",38,8,13,17,30,50,-20,37,"BRA",86,8
2016,19,"Santa Cruz-PE",38,8,7,23,45,69,-24,31,"BRA",84,6
2016,20,"América-MG",38,7,7,24,23,58,-35,28,"BRA",66,3
2017,1,"Corinthians-SP",38,21,9,8,50,30,20,72,"BRA",81,1
2017,2,"Palmeiras-SP",38,19,6,13,61,45,16,63,"BRA",87,4
2017,3,"Santos-SP",38,17,12,9,42,32,10,63,"BRA",94,4
2017,4,"Grêmio-RS",38,18,8,12,55,36,19,62,"BRA",69,2
2017,5,"Cruzeiro-MG",38,15,12,11,47,39,8,57,"BRA",87,5
2017,6,"Flamengo-RJ",38,15,11,12,49,38,11,56,"BRA",74,2
2017,7,"Vasco da Gama-RJ",38,15,11,12,40,47,-7,56,"BRA",105,2
2017,8,"Chapecoense-SC",38,15,9,14,47,49,-2,54,"BRA",105,2
2017,9,"Atlético-MG",38,14,12,12,52,49,3,54,"BRA",105,3
2017,10,"Botafogo-RJ",38,14,11,13,45,42,3,53,"BRA",94,2
2017,11,"Athletico-PR",38,14,9,15,45,43,2,51,"BRA",76,3
2017,12,"Bahia-BA",38,13,11,14,50,48,2,50,"BRA",90,7
2017,13,"São Paulo-SP",38,13,11,14,48,49,-1,50,"BRA",70,4
2017,14,"Fluminense-RJ",38,11,14,13,50,53,-3,47,"BRA",95,3
2017,15,"Sport-PE",38,12,9,17,46,58,-12,45,"BRA",90,4
2017,16,"Vitória-BA",38,11,10,17,50,58,-8,43,"BRA",95,7
2017,17,"Coritiba-PR",38,11,10,17,42,51,-9,43,"BRA",107,5
2017,18,"Avaí-SC",38,10,13,15,29,48,-19,43,"BRA",82,5
2017,19,"Ponte Preta-SP",38,10,9,19,37,52,-15,39,"BRA",88,9
2017,20,"Atlético-GO",38,9,9,20,38,56,-18,36,"BRA",83,3
2018,1,"Palmeiras-SP",38,23,11,4,64,26,38,80,"BRA",117,5
2018,2,"Flamengo-RJ",38,21,9,8,59,29,30,72,"BRA",83,10
2018,3,"Internacional-RS",38,19,12,7,51,29,22,69,"BRA",96,6
2018,4,"Grêmio-RS",38,18,12,8,48,27,21,66,"BRA",83,1
2018,5,"São Paulo-SP",38,16,15,7,46,34,12,63,"BRA",98,6
2018,6,"Atlético-MG",38,17,8,13,56,43,13,59,"BRA",90,3
2018,7,"Athletico-PR",38,16,9,13,54,37,17,57,"BRA",88,5
2018,8,"Cruzeiro-MG",38,14,11,13,34,34,0,53,"BRA",99,2
2018,9,"Botafogo-RJ",38,13,12,13,38,46,-8,51,"BRA",90,5
2018,10,"Santos-SP",38,13,11,14,46,40,6,50,"BRA",88,3
2018,11,"Bahia-BA",38,12,12,14,39,41,-2,48,"BRA",85,4
2018,12,"Fluminense-RJ",38,12,9,17,32,46,-14,45,"BRA",87,5
2018,13,"Corinthians-SP",38,11,11,16,34,35,-1,44,"BRA",77,3
2018,14,"Chapecoense-SC",38,11,11,16,34,50,-16,44,"BRA",74,3
2018,15,"Ceará-CE",38,10,14,14,32,38,-6,44,"BRA",91,3
2018,16,"Vasco da Gama-RJ",38,10,13,15,41,48,-7,43,"BRA",101,9
2018,17,"Sport-PE",38,11,9,18,35,57,-22,42,"BRA",78,4
2018,18,"América-MG",38,10,10,18,30,47,-17,40,"BRA",84,8
2018,19,"Vitória-BA",38,9,10,19,36,63,-27,37,"BRA",108,7
2018,20,"Paraná-PR",38,4,11,23,18,57,-39,23,"BRA",98,9
2019,1,"Flamengo-RJ",38,28,6,4,86,37,49,90,"BRA",90,3
2019,2,"Santos-SP",38,22,8,8,60,33,27,74,"BRA",110,12
2019,3,"Palmeiras-SP",38,21,11,6,61,32,29,74,"BRA",78,5
2019,4,"Grêmio-RS",38,19,8,11,64,39,25,65,"BRA",80,2
2019,5,"Athletico-PR",38,18,10,10,51,32,19,64,"BRA",83,2
2019,6,"São Paulo-SP",38,17,12,9,39,30,9,63,"BRA",87,7
2019,7,"Internacional-RS",38,16,9,13,44,39,5,57,"BRA",98,3
2019,8,"Corinthians-SP",38,14,14,10,42,34,8,56,"BRA",72,2
2019,9,"Fortaleza-CE",38,15,8,15,50,49,1,53,"BRA",85,13
2019,10,"Goiás-GO",38,15,7,16,46,64,-18,52,"BRA",86,7
2019,11,"Bahia-BA",38,12,13,13,44,43,1,49,"BRA",65,6
2019,12,"Vasco da Gama-RJ",38,12,13,13,39,45,-6,49,"BRA",105,5
2019,13,"Atlético-MG",38,13,9,16,45,49,-4,48,"BRA",69,5
2019,14,"Fluminense-RJ",38,12,10,16,38,46,-8,46,"BRA",87,12
2019,15,"Botafogo-RJ",38,13,4,21,31,45,-14,43,"BRA",94,3
2019,16,"Ceará-CE",38,10,9,19,36,41,-5,39,"BRA",85,3
2019,17,"Cruzeiro-MG",38,7,15,16,27,46,-19,36,"BRA",81,6
2019,18,"CSA-AL",38,8,8,22,24,58,-34,32,"BRA",90,4
2019,19,"Chapecoense-SC",38,7,11,20,31,52,-21,32,"BRA",79,6
2019,20,"Avaí-SC",38,3,11,24,18,62,-44,20,"BRA",79,10
2003,1,"AC Milan",34,25,7,2,65,24,41,82,"ITA",NA,NA
2003,2,"Roma",34,21,8,5,68,19,49,71,"ITA",NA,NA
2003,3,"Juventus",34,21,6,7,67,42,25,69,"ITA",NA,NA
2003,4,"Internazionale",34,17,8,9,59,37,22,59,"ITA",NA,NA
2003,5,"Parma",34,16,10,8,57,46,11,58,"ITA",NA,NA
2003,6,"Lázio",34,16,8,10,52,38,14,56,"ITA",NA,NA
2003,7,"Udinese",34,13,11,10,44,40,4,50,"ITA",NA,NA
2003,8,"Sampdoria",34,11,13,10,40,42,-2,46,"ITA",NA,NA
2003,9,"Chievo",34,11,11,12,36,37,-1,44,"ITA",NA,NA
2003,10,"Lecce",34,11,8,15,43,56,-13,41,"ITA",NA,NA
2003,11,"Brescia",34,9,13,12,52,57,-5,40,"ITA",NA,NA
2003,12,"Bologna",34,10,9,15,45,53,-8,39,"ITA",NA,NA
2003,13,"Reggina",34,6,16,12,29,45,-16,34,"ITA",NA,NA
2003,14,"Siena",34,8,10,16,41,54,-13,34,"ITA",NA,NA
2003,15,"Perugia",34,6,14,14,44,56,-12,32,"ITA",NA,NA
2003,16,"Modena",34,6,12,16,27,46,-19,30,"ITA",NA,NA
2003,17,"Empoli",34,7,9,18,26,54,-28,30,"ITA",NA,NA
2003,18,"Ancona",34,2,7,25,21,70,-49,13,"ITA",NA,NA
2004,1,"Juventus",38,26,8,4,67,27,40,86,"ITA",NA,NA
2004,2,"AC Milan",38,23,10,5,63,28,35,79,"ITA",NA,NA
2004,3,"Internazionale",38,18,18,2,65,37,28,72,"ITA",NA,NA
2004,4,"Udinese",38,17,11,10,56,40,16,62,"ITA",NA,NA
2004,5,"Sampdoria",38,17,10,11,42,29,13,61,"ITA",NA,NA
2004,6,"Palermo",38,12,17,9,48,44,4,53,"ITA",NA,NA
2004,7,"Messina",38,12,12,14,44,52,-8,48,"ITA",NA,NA
2004,8,"Roma",38,11,12,15,55,58,-3,45,"ITA",NA,NA
2004,9,"Livorno",38,11,12,15,49,60,-11,45,"ITA",NA,NA
2004,10,"Lecce",38,10,14,14,66,73,-7,44,"ITA",NA,NA
2004,11,"Reggina",38,10,14,14,36,45,-9,44,"ITA",NA,NA
2004,12,"Cagliari",38,10,14,14,51,60,-9,44,"ITA",NA,NA
2004,13,"Lázio",38,11,11,16,48,53,-5,44,"ITA",NA,NA
2004,14,"Siena",38,9,16,13,44,55,-11,43,"ITA",NA,NA
2004,15,"Chievo",38,11,10,17,32,49,-17,43,"ITA",NA,NA
2004,16,"Fiorentina",38,9,15,14,42,50,-8,42,"ITA",NA,NA
2004,17,"Bologna",38,9,15,14,33,36,-3,42,"ITA",NA,NA
2004,18,"Parma",38,10,12,16,48,65,-17,42,"ITA",NA,NA
2004,19,"Brescia",38,11,8,19,37,54,-17,41,"ITA",NA,NA
2004,20,"Atalanta",38,8,11,19,34,45,-11,35,"ITA",NA,NA
2005,1,"Internazionale",38,23,7,8,68,30,38,76,"ITA",NA,NA
2005,2,"Roma",38,19,12,7,70,42,28,69,"ITA",NA,NA
2005,3,"AC Milan",38,28,4,6,85,31,54,58,"ITA",NA,NA
2005,4,"Chievo",38,13,15,10,54,49,5,54,"ITA",NA,NA
2005,5,"Palermo",38,13,13,12,50,52,-2,52,"ITA",NA,NA
2005,6,"Livorno",38,12,13,13,37,44,-7,49,"ITA",NA,NA
2005,7,"Parma",38,12,9,17,46,60,-14,45,"ITA",NA,NA
2005,8,"Empoli",38,13,6,19,47,61,-14,45,"ITA",NA,NA
2005,9,"Fiorentina",38,22,8,8,66,41,25,44,"ITA",NA,NA
2005,10,"Ascoli",38,9,16,13,43,53,-10,43,"ITA",NA,NA
2005,11,"Udinese",38,11,10,17,40,54,-14,43,"ITA",NA,NA
2005,12,"Sampdoria",38,10,11,17,47,51,-4,41,"ITA",NA,NA
2005,13,"Reggina",38,11,8,19,39,65,-26,41,"ITA",NA,NA
2005,14,"Cagliari",38,8,15,15,42,55,-13,39,"ITA",NA,NA
2005,15,"Siena",38,9,12,17,42,60,-18,39,"ITA",NA,NA
2005,16,"Lázio",38,16,14,8,57,47,10,32,"ITA",NA,NA
2005,17,"Messina",38,6,13,19,33,59,-26,31,"ITA",NA,NA
2005,18,"Lecce",38,7,8,23,30,57,-27,29,"ITA",NA,NA
2005,19,"Treviso",38,3,12,23,24,56,-32,21,"ITA",NA,NA
2005,20,"Juventus",38,27,10,1,71,24,47,91,"ITA",NA,NA
2006,1,"Internazionale",38,30,7,1,80,34,46,97,"ITA",39,4
2006,2,"Roma",38,22,9,7,74,34,40,75,"ITA",37,0
2006,3,"Lázio",38,18,11,9,59,33,26,62,"ITA",49,7
2006,4,"AC Milan",38,19,12,7,57,36,21,61,"ITA",34,1
2006,5,"Fiorentina",38,21,10,7,62,31,31,58,"ITA",39,3
2006,6,"Palermo",38,16,10,12,58,51,7,58,"ITA",38,4
2006,7,"Empoli",38,14,12,12,42,43,-1,54,"ITA",25,2
2006,8,"Atalanta",38,12,14,12,56,54,2,50,"ITA",50,2
2006,9,"Sampdoria",38,13,10,15,44,48,-4,49,"ITA",46,4
2006,10,"Udinese",38,12,10,16,49,55,-6,46,"ITA",43,6
2006,11,"Livorno",38,10,13,15,41,54,-13,43,"ITA",36,2
2006,12,"Parma",38,10,12,16,41,56,-15,42,"ITA",53,4
2006,13,"Catania",38,10,11,17,46,68,-22,41,"ITA",35,6
2006,14,"Reggina",38,12,15,11,52,50,2,40,"ITA",55,3
2006,15,"Siena",38,9,14,15,35,45,-10,40,"ITA",44,6
2006,16,"Cagliari",38,9,13,16,35,46,-11,40,"ITA",26,3
2006,17,"Torino",38,10,10,18,27,47,-20,40,"ITA",47,3
2006,18,"Chievo",38,9,12,17,38,48,-10,39,"ITA",40,4
2006,19,"Ascoli",38,5,12,21,36,67,-31,27,"ITA",45,2
2006,20,"Messina",38,5,11,22,37,69,-32,26,"ITA",51,8
2007,1,"Internazionale",38,25,10,3,69,26,43,85,"ITA",71,3
2007,2,"Roma",38,24,10,4,72,37,35,82,"ITA",77,3
2007,3,"Juventus",38,20,12,6,72,37,35,72,"ITA",41,2
2007,4,"Fiorentina",38,19,9,10,55,39,16,66,"ITA",79,4
2007,5,"AC Milan",38,18,10,10,66,38,28,64,"ITA",53,4
2007,6,"Sampdoria",38,17,9,12,56,46,10,60,"ITA",80,7
2007,7,"Udinese",38,16,9,13,48,53,-5,57,"ITA",77,10
2007,8,"Napoli",38,14,8,16,50,53,-3,50,"ITA",40,0
2007,9,"Atalanta",38,12,12,14,52,56,-4,48,"ITA",91,8
2007,10,"Genoa",38,13,9,16,44,54,-10,48,"ITA",50,2
2007,11,"Palermo",38,12,11,15,47,57,-10,47,"ITA",90,8
2007,12,"Lázio",38,11,13,14,47,51,-4,46,"ITA",73,8
2007,13,"Siena",38,9,17,12,40,45,-5,44,"ITA",68,7
2007,14,"Cagliari",38,11,9,18,40,56,-16,42,"ITA",66,4
2007,15,"Torino",38,8,16,14,36,49,-13,40,"ITA",83,10
2007,16,"Reggina",38,9,13,16,37,56,-19,40,"ITA",84,4
2007,17,"Catania",38,8,13,17,33,45,-12,37,"ITA",101,9
2007,18,"Empoli",38,9,9,20,29,52,-23,36,"ITA",77,5
2007,19,"Parma",38,7,13,18,42,62,-20,34,"ITA",89,3
2007,20,"Livorno",38,6,12,20,35,60,-25,30,"ITA",78,7
2008,1,"Internazionale",38,25,9,4,70,32,38,84,"ITA",75,6
2008,2,"Juventus",38,21,11,6,69,37,32,74,"ITA",76,4
2008,3,"AC Milan",38,22,8,8,70,35,35,74,"ITA",90,3
2008,4,"Fiorentina",38,21,5,12,53,38,15,68,"ITA",76,4
2008,5,"Genoa",38,19,11,8,56,39,17,68,"ITA",94,11
2008,6,"Roma",38,18,9,11,64,61,3,63,"ITA",73,9
2008,7,"Udinese",38,16,10,12,61,50,11,58,"ITA",71,4
2008,8,"Palermo",38,17,6,15,57,50,7,57,"ITA",82,8
2008,9,"Cagliari",38,15,8,15,49,50,-1,53,"ITA",94,6
2008,10,"Lázio",38,15,5,18,46,55,-9,50,"ITA",88,9
2008,11,"Atalanta",38,13,8,17,45,48,-3,47,"ITA",93,6
2008,12,"Napoli",38,12,10,16,43,45,-2,46,"ITA",97,10
2008,13,"Sampdoria",38,11,13,14,49,52,-3,46,"ITA",96,5
2008,14,"Siena",38,12,8,18,33,44,-11,44,"ITA",78,3
2008,15,"Catania",38,12,7,19,41,51,-10,43,"ITA",97,1
2008,16,"Chievo",38,8,14,16,35,49,-14,38,"ITA",48,4
2008,17,"Bologna",38,9,10,19,43,62,-19,37,"ITA",37,1
2008,18,"Torino",38,8,10,20,37,61,-24,34,"ITA",105,5
2008,19,"Reggina",38,6,13,19,30,62,-32,31,"ITA",83,2
2008,20,"Lecce",38,5,15,18,37,67,-30,30,"ITA",47,1
2009,1,"Internazionale",38,24,10,4,75,34,41,82,"ITA",83,3
2009,2,"Roma",38,24,8,6,68,41,27,80,"ITA",82,9
2009,3,"AC Milan",38,20,10,8,60,39,21,70,"ITA",62,7
2009,4,"Sampdoria",38,19,10,9,49,41,8,67,"ITA",94,7
2009,5,"Palermo",38,18,11,9,59,47,12,65,"ITA",89,5
2009,6,"Napoli",38,15,14,9,50,43,7,59,"ITA",86,7
2009,7,"Juventus",38,16,7,15,55,56,-1,55,"ITA",81,5
2009,8,"Parma",38,14,10,14,46,51,-5,52,"ITA",38,1
2009,9,"Genoa",38,14,9,15,57,61,-4,51,"ITA",87,11
2009,10,"Bari",38,13,11,14,49,49,0,50,"ITA",24,3
2009,11,"Fiorentina",38,13,8,17,48,47,1,47,"ITA",77,5
2009,12,"Lázio",38,11,13,14,39,43,-4,46,"ITA",95,9
2009,13,"Catania",38,10,15,13,44,45,-1,45,"ITA",87,8
2009,14,"Chievo",38,12,8,18,37,42,-5,44,"ITA",83,6
2009,15,"Udinese",38,11,11,16,54,59,-5,44,"ITA",77,3
2009,16,"Cagliari",38,11,11,16,56,58,-2,44,"ITA",83,4
2009,17,"Bologna",38,10,12,16,42,55,-13,42,"ITA",80,5
2009,18,"Atalanta",38,9,8,21,37,53,-16,35,"ITA",83,6
2009,19,"Siena",38,7,10,21,40,67,-27,31,"ITA",70,4
2009,20,"Livorno",38,7,8,23,27,61,-34,29,"ITA",33,4
2010,1,"AC Milan",38,24,10,4,65,24,41,82,"ITA",67,5
2010,2,"Internazionale",38,23,7,8,69,42,27,76,"ITA",74,5
2010,3,"Napoli",38,21,7,10,59,39,20,70,"ITA",94,6
2010,4,"Udinese",38,20,6,12,65,43,22,66,"ITA",82,4
2010,5,"Lázio",38,20,6,12,55,39,16,66,"ITA",73,3
2010,6,"Roma",38,18,9,11,59,52,7,63,"ITA",86,6
2010,7,"Juventus",38,15,13,10,57,47,10,58,"ITA",82,5
2010,8,"Palermo",38,17,5,16,58,63,-5,56,"ITA",72,2
2010,9,"Fiorentina",38,12,15,11,49,44,5,51,"ITA",82,7
2010,10,"Genoa",38,14,9,15,45,47,-2,51,"ITA",86,3
2010,11,"Chievo",38,11,13,14,38,40,-2,46,"ITA",106,5
2010,12,"Parma",38,11,13,14,39,47,-8,46,"ITA",78,8
2010,13,"Catania",38,12,10,16,40,52,-12,46,"ITA",65,6
2010,14,"Cagliari",38,12,9,17,44,51,-7,45,"ITA",76,7
2010,15,"Cesena",38,11,10,17,38,50,-12,43,"ITA",30,3
2010,16,"Bologna",38,11,12,15,35,52,-17,42,"ITA",76,2
2010,17,"Lecce",38,11,8,19,46,66,-20,41,"ITA",38,4
2010,18,"Sampdoria",38,8,12,18,33,49,-16,36,"ITA",68,2
2010,19,"Brescia",38,7,11,20,34,52,-18,32,"ITA",38,1
2010,20,"Bari",38,5,9,24,27,56,-29,24,"ITA",65,5
2011,1,"Juventus",38,23,15,0,68,20,48,84,"ITA",68,6
2011,2,"AC Milan",38,24,8,6,74,33,41,80,"ITA",70,6
2011,3,"Udinese",38,18,10,10,52,35,17,64,"ITA",69,7
2011,4,"Lázio",38,18,8,12,56,47,9,62,"ITA",67,6
2011,5,"Napoli",38,16,13,9,66,46,20,61,"ITA",77,2
2011,6,"Internazionale",38,17,7,14,58,55,3,58,"ITA",63,6
2011,7,"Roma",38,16,8,14,60,54,6,56,"ITA",70,9
2011,8,"Parma",38,15,11,12,54,53,1,56,"ITA",80,6
2011,9,"Bologna",38,13,12,13,41,43,-2,51,"ITA",89,5
2011,10,"Chievo",38,12,13,13,35,45,-10,49,"ITA",84,4
2011,11,"Catania",38,11,15,12,47,52,-5,48,"ITA",77,4
2011,12,"Atalanta",38,13,13,12,41,43,-2,46,"ITA",47,0
2011,13,"Fiorentina",38,11,13,14,37,43,-6,46,"ITA",67,2
2011,14,"Siena",38,11,11,16,45,45,0,44,"ITA",40,1
2011,15,"Cagliari",38,10,13,15,37,46,-9,43,"ITA",74,0
2011,16,"Palermo",38,11,10,17,52,62,-10,43,"ITA",84,6
2011,17,"Genoa",38,11,9,18,50,69,-19,42,"ITA",68,9
2011,18,"Lecce",38,8,12,18,40,56,-16,36,"ITA",86,8
2011,19,"Novara",38,7,11,20,35,65,-30,32,"ITA",32,2
2011,20,"Cesena",38,4,10,24,24,60,-36,22,"ITA",88,8
2012,1,"Juventus",38,27,6,5,71,24,47,87,"ITA",83,2
2012,2,"Napoli",38,23,9,6,73,36,37,78,"ITA",95,4
2012,3,"AC Milan",38,21,9,8,67,39,28,72,"ITA",87,5
2012,4,"Fiorentina",38,21,7,10,72,44,28,70,"ITA",109,3
2012,5,"Udinese",38,18,12,8,59,45,14,66,"ITA",93,6
2012,6,"Roma",38,18,8,12,71,56,15,62,"ITA",92,10
2012,7,"Lázio",38,18,7,13,51,42,9,61,"ITA",91,13
2012,8,"Catania",38,15,11,12,50,46,4,56,"ITA",78,9
2012,9,"Internazionale",38,16,6,16,55,57,-2,54,"ITA",68,2
2012,10,"Parma",38,13,10,15,45,46,-1,49,"ITA",105,4
2012,11,"Cagliari",38,12,11,15,43,55,-12,47,"ITA",100,5
2012,12,"Chievo",38,12,9,17,37,52,-15,45,"ITA",90,3
2012,13,"Bologna",38,11,11,16,46,52,-6,44,"ITA",97,4
2012,14,"Sampdoria",38,11,10,17,43,51,-8,42,"ITA",46,6
2012,15,"Atalanta",38,11,9,18,39,56,-17,40,"ITA",93,10
2012,16,"Torino",38,8,16,14,46,55,-9,39,"ITA",43,2
2012,17,"Genoa",38,8,14,16,38,52,-14,38,"ITA",99,7
2012,18,"Palermo",38,6,14,18,34,54,-20,32,"ITA",83,9
2012,19,"Siena",38,9,9,20,36,57,-21,30,"ITA",100,5
2012,20,"Pescara",38,6,4,28,27,84,-57,22,"ITA",48,6
2013,1,"Juventus",38,33,3,2,80,23,57,102,"ITA",72,2
2013,2,"Roma",38,26,7,5,72,25,47,85,"ITA",85,6
2013,3,"Napoli",38,23,9,6,77,39,38,78,"ITA",74,2
2013,4,"Fiorentina",38,19,8,11,65,44,21,65,"ITA",77,4
2013,5,"Internazionale",38,15,15,8,62,39,23,60,"ITA",83,6
2013,6,"Parma",38,15,13,10,58,46,12,58,"ITA",104,3
2013,7,"Torino",38,15,12,11,58,48,10,57,"ITA",86,5
2013,8,"AC Milan",38,16,9,13,57,49,8,57,"ITA",85,8
2013,9,"Lázio",38,15,11,12,54,54,0,56,"ITA",75,6
2013,10,"Hellas Verona",38,16,6,16,62,68,-6,54,"ITA",28,2
2013,11,"Atalanta",38,15,5,18,43,51,-8,50,"ITA",99,11
2013,12,"Sampdoria",38,12,9,17,48,62,-14,45,"ITA",89,8
2013,13,"Udinese",38,12,8,18,46,57,-11,44,"ITA",76,1
2013,14,"Genoa",38,11,11,16,41,50,-9,44,"ITA",87,6
2013,15,"Cagliari",38,9,12,17,34,53,-19,39,"ITA",99,7
2013,16,"Chievo",38,10,6,22,34,54,-20,36,"ITA",103,2
2013,17,"Sassuolo",38,9,7,22,43,72,-29,34,"ITA",39,3
2013,18,"Catania",38,8,8,22,34,66,-32,32,"ITA",86,8
2013,19,"Bologna",38,5,14,19,28,58,-30,29,"ITA",105,3
2013,20,"Livorno",38,6,7,25,39,77,-38,25,"ITA",52,0
2014,1,"Juventus",38,26,9,3,72,24,48,87,"ITA",58,5
2014,2,"Roma",38,19,13,6,54,31,23,70,"ITA",78,4
2014,3,"Lázio",38,21,6,11,71,38,33,69,"ITA",82,10
2014,4,"Fiorentina",38,18,10,10,61,46,15,64,"ITA",85,2
2014,5,"Napoli",38,18,9,11,70,54,16,63,"ITA",76,3
2014,6,"Genoa",38,16,11,11,62,47,15,59,"ITA",104,6
2014,7,"Sampdoria",38,13,17,8,48,42,6,56,"ITA",89,8
2014,8,"Internazionale",38,14,13,11,59,48,11,55,"ITA",59,3
2014,9,"Torino",38,14,12,12,48,45,3,54,"ITA",78,2
2014,10,"AC Milan",38,13,13,12,56,50,6,52,"ITA",75,8
2014,11,"Palermo",38,12,13,13,53,55,-2,49,"ITA",34,1
2014,12,"Sassuolo",38,12,13,13,49,57,-8,49,"ITA",103,7
2014,13,"Hellas Verona",38,11,13,14,49,65,-16,46,"ITA",78,5
2014,14,"Chievo",38,10,13,15,28,41,-13,43,"ITA",88,5
2014,15,"Empoli",38,8,18,12,46,52,-6,42,"ITA",26,2
2014,16,"Udinese",38,10,11,17,43,56,-13,41,"ITA",82,4
2014,17,"Atalanta",38,7,16,15,38,57,-19,37,"ITA",85,4
2014,18,"Cagliari",38,8,10,20,48,68,-20,34,"ITA",100,8
2014,19,"Cesena",38,4,12,22,36,73,-37,24,"ITA",44,3
2014,20,"Parma",38,6,8,24,33,75,-42,19,"ITA",88,9
2015,1,"Juventus",38,29,4,5,75,20,55,91,"ITA",86,4
2015,2,"Napoli",38,25,7,6,80,32,48,82,"ITA",80,6
2015,3,"Roma",38,23,11,4,83,41,42,80,"ITA",103,7
2015,4,"Internazionale",38,20,7,11,50,38,12,67,"ITA",107,8
2015,5,"Fiorentina",38,18,10,10,60,42,18,64,"ITA",82,4
2015,6,"Sassuolo",38,16,13,9,49,40,9,61,"ITA",100,7
2015,7,"AC Milan",38,15,12,11,49,43,6,57,"ITA",88,11
2015,8,"Lázio",38,15,9,14,52,52,0,54,"ITA",107,9
2015,9,"Chievo",38,13,11,14,43,45,-2,50,"ITA",91,2
2015,10,"Empoli",38,12,10,16,40,49,-9,46,"ITA",75,5
2015,11,"Genoa",38,13,7,18,45,48,-3,46,"ITA",93,10
2015,12,"Torino",38,12,9,17,52,55,-3,45,"ITA",97,4
2015,13,"Atalanta",38,11,12,15,41,47,-6,45,"ITA",100,17
2015,14,"Bologna",38,11,9,18,33,45,-12,42,"ITA",44,2
2015,15,"Sampdoria",38,10,10,18,48,61,-13,40,"ITA",96,3
2015,16,"Palermo",38,10,9,19,38,65,-27,39,"ITA",97,5
2015,17,"Udinese",38,10,9,19,35,60,-25,39,"ITA",103,7
2015,18,"Carpi",38,9,11,18,37,57,-20,38,"ITA",43,2
2015,19,"Frosinone",38,8,7,23,35,76,-41,31,"ITA",46,1
2015,20,"Hellas Verona",38,5,13,20,34,63,-29,28,"ITA",105,7
2016,1,"Juventus",38,29,4,5,77,27,50,91,"ITA",82,3
2016,2,"Roma",38,28,3,7,90,38,52,87,"ITA",72,1
2016,3,"Napoli",38,26,8,4,94,39,55,86,"ITA",63,2
2016,4,"Atalanta",38,21,9,8,62,41,21,72,"ITA",99,6
2016,5,"Lázio",38,21,7,10,74,51,23,70,"ITA",94,8
2016,6,"AC Milan",38,18,9,11,57,45,12,63,"ITA",90,4
2016,7,"Internazionale",38,19,5,14,72,49,23,62,"ITA",89,8
2016,8,"Fiorentina",38,16,12,10,63,57,6,60,"ITA",99,3
2016,9,"Torino",38,13,14,11,71,66,5,53,"ITA",99,3
2016,10,"Sampdoria",38,12,12,14,49,55,-6,48,"ITA",96,6
2016,11,"Cagliari",38,14,5,19,55,76,-21,47,"ITA",54,3
2016,12,"Sassuolo",38,13,7,18,58,63,-5,46,"ITA",87,5
2016,13,"Udinese",38,12,9,17,47,56,-9,45,"ITA",87,4
2016,14,"Chievo",38,12,7,19,43,61,-18,43,"ITA",100,5
2016,15,"Bologna",38,11,8,19,40,58,-18,41,"ITA",75,11
2016,16,"Genoa",38,9,9,20,38,64,-26,36,"ITA",96,8
2016,17,"Crotone",38,9,7,22,34,58,-24,34,"ITA",38,3
2016,18,"Empoli",38,8,8,22,29,61,-32,32,"ITA",104,5
2016,19,"Palermo",38,6,8,24,33,77,-44,26,"ITA",95,8
2016,20,"Pescara",38,3,9,26,37,81,-44,18,"ITA",40,3
2017,1,"Juventus",38,30,5,3,86,24,62,95,"ITA",67,1
2017,2,"Napoli",38,28,7,3,77,29,48,91,"ITA",61,3
2017,3,"Roma",38,23,8,7,61,28,33,77,"ITA",53,2
2017,4,"Internazionale",38,20,12,6,66,30,36,72,"ITA",74,3
2017,5,"Lázio",38,21,9,8,89,49,40,72,"ITA",77,4
2017,6,"AC Milan",38,18,10,10,56,42,14,64,"ITA",79,12
2017,7,"Atalanta",38,16,12,10,57,39,18,60,"ITA",70,2
2017,8,"Fiorentina",38,16,9,13,54,46,8,57,"ITA",78,6
2017,9,"Torino",38,13,15,10,54,46,8,54,"ITA",80,4
2017,10,"Sampdoria",38,16,6,16,56,60,-4,54,"ITA",71,4
2017,11,"Sassuolo",38,11,10,17,29,59,-30,43,"ITA",90,3
2017,12,"Genoa",38,11,8,19,33,43,-10,41,"ITA",84,4
2017,13,"Chievo",38,10,10,18,36,59,-23,40,"ITA",70,3
2017,14,"Udinese",38,12,4,22,48,63,-15,40,"ITA",86,4
2017,15,"Bologna",38,11,6,21,40,52,-12,39,"ITA",106,8
2017,16,"Cagliari",38,11,6,21,33,61,-28,39,"ITA",87,7
2017,17,"SPAL",38,8,14,16,39,59,-20,38,"ITA",47,2
2017,18,"Crotone",38,9,8,21,40,66,-26,35,"ITA",78,2
2017,19,"Hellas Verona",38,7,4,27,30,78,-48,25,"ITA",49,4
2017,20,"Benevento",38,6,3,29,33,84,-51,21,"ITA",39,2
2018,1,"Juventus",38,28,6,4,70,30,40,90,"ITA",73,2
2018,2,"Napoli",38,24,7,7,74,36,38,79,"ITA",64,4
2018,3,"Atalanta",38,20,9,9,77,46,31,69,"ITA",75,6
2018,4,"Internazionale",38,20,9,9,57,33,24,69,"ITA",68,2
2018,5,"AC Milan",38,19,11,8,55,36,19,68,"ITA",84,6
2018,6,"Roma",38,18,12,8,66,48,18,66,"ITA",61,3
2018,7,"Torino",38,16,15,7,52,37,15,63,"ITA",78,3
2018,8,"Lázio",38,17,8,13,56,46,10,59,"ITA",93,6
2018,9,"Sampdoria",38,15,8,15,60,51,9,53,"ITA",84,2
2018,10,"Bologna",38,11,11,16,48,56,-8,44,"ITA",97,5
2018,11,"Sassuolo",38,9,16,13,53,60,-7,43,"ITA",93,8
2018,12,"Udinese",38,11,10,17,39,53,-14,43,"ITA",74,4
2018,13,"SPAL",38,11,9,18,44,56,-12,42,"ITA",110,4
2018,14,"Parma",38,10,11,17,41,61,-20,41,"ITA",42,1
2018,15,"Cagliari",38,10,11,17,36,54,-18,41,"ITA",100,7
2018,16,"Fiorentina",38,8,17,13,47,45,2,41,"ITA",106,7
2018,17,"Genoa",38,8,14,16,39,57,-18,38,"ITA",84,5
2018,18,"Empoli",38,10,8,20,51,70,-19,38,"ITA",43,2
2018,19,"Frosinone",38,5,10,23,29,69,-40,25,"ITA",55,1
2018,20,"Chievo",38,2,14,22,25,75,-50,17,"ITA",100,6
2019,1,"Juventus",38,26,5,7,76,43,33,83,"ITA",77,4
2019,2,"Internazionale",38,24,10,4,81,36,45,82,"ITA",81,3
2019,3,"Atalanta",38,23,9,6,98,48,50,78,"ITA",63,2
2019,4,"Lázio",38,24,6,8,79,42,37,78,"ITA",90,4
2019,5,"Roma",38,21,7,10,77,51,26,70,"ITA",100,6
2019,6,"AC Milan",38,19,9,10,63,46,17,66,"ITA",97,7
2019,7,"Napoli",38,18,8,12,61,50,11,62,"ITA",76,4
2019,8,"Sassuolo",38,14,9,15,69,63,6,51,"ITA",89,5
2019,9,"Hellas Verona",38,12,13,13,47,51,-4,49,"ITA",44,4
2019,10,"Fiorentina",38,12,13,13,51,48,3,49,"ITA",90,4
2019,11,"Parma",38,14,7,17,56,57,-1,49,"ITA",77,2
2019,12,"Bologna",38,12,11,15,52,65,-13,47,"ITA",103,7
2019,13,"Udinese",38,12,9,17,37,51,-14,45,"ITA",94,5
2019,14,"Cagliari",38,11,12,15,52,56,-4,45,"ITA",97,8
2019,15,"Sampdoria",38,12,6,20,48,65,-17,42,"ITA",89,5
2019,16,"Torino",38,11,7,20,46,68,-22,40,"ITA",96,7
2019,17,"Genoa",38,10,9,19,47,73,-26,39,"ITA",96,10
2019,18,"Lecce",38,9,8,21,52,85,-33,35,"ITA",54,3
2019,19,"Brescia",38,6,7,25,35,79,-44,25,"ITA",44,3
2019,20,"SPAL",38,5,5,28,27,77,-50,20,"ITA",115,2
2006,1,"Real Madrid",38,23,7,8,66,40,26,76,"ESP",47,4
2006,2,"Barcelona",38,22,10,6,78,33,45,76,"ESP",31,2
2006,3,"Sevilla",38,21,8,9,64,35,29,71,"ESP",42,3
2006,4,"Valencia",38,20,6,12,57,42,15,66,"ESP",38,5
2006,5,"Villarreal",38,18,8,12,48,44,4,62,"ESP",38,1
2006,6,"Real Zaragoza",38,16,12,10,55,43,12,60,"ESP",41,5
2006,7,"Atlético de Madrid",38,17,9,12,46,39,7,60,"ESP",43,3
2006,8,"Recreativo Huelva",38,15,9,14,54,52,2,54,"ESP",24,2
2006,9,"Getafe",38,14,10,14,39,33,6,52,"ESP",35,4
2006,10,"Racing Santander",38,12,14,12,42,48,-6,50,"ESP",55,5
2006,11,"Espanyol",38,12,13,13,46,53,-7,49,"ESP",40,5
2006,12,"Mallorca",38,14,7,17,41,47,-6,49,"ESP",33,4
2006,13,"La Coruña",38,12,11,15,32,45,-13,47,"ESP",42,6
2006,14,"Osasuna",38,13,7,18,51,49,2,46,"ESP",56,0
2006,15,"Levante",38,10,12,16,37,53,-16,42,"ESP",44,7
2006,16,"Betis",38,8,16,14,36,49,-13,40,"ESP",30,4
2006,17,"Athletic Bilbao",38,10,10,18,44,62,-18,40,"ESP",32,5
2006,18,"Celta de Vigo",38,10,9,19,40,59,-19,39,"ESP",33,4
2006,19,"Real Sociedad",38,8,11,19,32,47,-15,35,"ESP",34,3
2006,20,"Gimnàstic",38,7,7,24,34,69,-35,28,"ESP",41,2
2007,1,"Real Madrid",38,27,4,7,84,36,48,85,"ESP",101,8
2007,2,"Villarreal",38,24,5,9,63,40,23,77,"ESP",89,4
2007,3,"Barcelona",38,19,10,9,76,43,33,67,"ESP",73,7
2007,4,"Atlético de Madrid",38,19,7,12,66,47,19,64,"ESP",119,11
2007,5,"Sevilla",38,20,4,14,75,49,26,64,"ESP",100,12
2007,6,"Racing Santander",38,17,9,12,42,41,1,60,"ESP",99,9
2007,7,"Mallorca",38,15,14,9,69,54,15,59,"ESP",98,9
2007,8,"Almería",38,14,10,14,42,45,-3,52,"ESP",43,4
2007,9,"La Coruña",38,15,7,16,46,47,-1,52,"ESP",90,8
2007,10,"Valencia",38,15,6,17,48,62,-14,51,"ESP",104,8
2007,11,"Athletic Bilbao",38,13,11,14,40,43,-3,50,"ESP",107,9
2007,12,"Espanyol",38,13,9,16,43,53,-10,48,"ESP",105,6
2007,13,"Betis",38,12,11,15,45,51,-6,47,"ESP",111,9
2007,14,"Getafe",38,12,11,15,44,48,-4,47,"ESP",86,9
2007,15,"Valladolid",38,11,12,15,42,57,-15,45,"ESP",38,4
2007,16,"Recreativo Huelva",38,11,11,16,40,60,-20,44,"ESP",87,4
2007,17,"Osasuna",38,12,7,19,37,44,-7,43,"ESP",98,10
2007,18,"Real Zaragoza",38,10,12,16,50,61,-11,42,"ESP",113,6
2007,19,"Murcia",38,7,9,22,36,65,-29,30,"ESP",53,2
2007,20,"Levante",38,7,5,26,33,75,-42,26,"ESP",110,6
2008,1,"Barcelona",38,27,6,5,105,35,70,87,"ESP",77,4
2008,2,"Real Madrid",38,25,3,10,83,52,31,78,"ESP",99,9
2008,3,"Sevilla",38,21,7,10,54,39,15,70,"ESP",93,9
2008,4,"Atlético de Madrid",38,20,7,11,80,57,23,67,"ESP",98,4
2008,5,"Villarreal",38,18,11,9,61,54,7,65,"ESP",84,4
2008,6,"Valencia",38,18,8,12,68,54,14,62,"ESP",86,6
2008,7,"La Coruña",38,16,10,12,48,47,1,58,"ESP",83,5
2008,8,"Málaga",38,15,10,13,55,59,-4,55,"ESP",44,2
2008,9,"Mallorca",38,14,9,15,53,60,-7,51,"ESP",87,5
2008,10,"Espanyol",38,12,11,15,46,49,-3,47,"ESP",100,5
2008,11,"Almería",38,13,7,18,45,61,-16,46,"ESP",97,8
2008,12,"Racing Santander",38,12,10,16,49,48,1,46,"ESP",86,6
2008,13,"Athletic Bilbao",38,12,8,18,47,62,-15,44,"ESP",95,5
2008,14,"Sporting Gijón",38,14,1,23,47,79,-32,43,"ESP",48,1
2008,15,"Osasuna",38,10,13,15,41,47,-6,43,"ESP",97,9
2008,16,"Valladolid",38,12,7,19,46,58,-12,43,"ESP",74,5
2008,17,"Getafe",38,10,12,16,50,56,-6,42,"ESP",95,3
2008,18,"Betis",38,10,12,16,51,58,-7,42,"ESP",93,4
2008,19,"Numancia",38,10,5,23,38,69,-31,35,"ESP",38,2
2008,20,"Recreativo Huelva",38,8,9,21,34,57,-23,33,"ESP",92,11
2009,1,"Barcelona",38,31,6,1,98,24,74,99,"ESP",63,6
2009,2,"Real Madrid",38,31,3,4,102,35,67,96,"ESP",98,8
2009,3,"Valencia",38,21,8,9,59,40,19,71,"ESP",112,4
2009,4,"Sevilla",38,19,6,13,65,49,16,63,"ESP",92,6
2009,5,"Mallorca",38,18,8,12,59,44,15,62,"ESP",97,7
2009,6,"Getafe",38,17,7,14,58,48,10,58,"ESP",112,6
2009,7,"Villarreal",38,16,8,14,58,57,1,56,"ESP",87,8
2009,8,"Athletic Bilbao",38,15,9,14,50,53,-3,54,"ESP",110,15
2009,9,"Atlético de Madrid",38,13,8,17,57,61,-4,47,"ESP",107,6
2009,10,"La Coruña",38,13,8,17,35,49,-14,47,"ESP",63,3
2009,11,"Espanyol",38,11,11,16,29,46,-17,44,"ESP",98,7
2009,12,"Osasuna",38,11,10,17,37,46,-9,43,"ESP",104,13
2009,13,"Almería",38,10,12,16,43,55,-12,42,"ESP",99,9
2009,14,"Real Zaragoza",38,10,11,17,46,64,-18,41,"ESP",43,2
2009,15,"Sporting Gijón",38,9,13,16,36,51,-15,40,"ESP",109,5
2009,16,"Racing Santander",38,9,12,17,42,59,-17,39,"ESP",124,7
2009,17,"Málaga",38,7,16,15,42,48,-6,37,"ESP",104,9
2009,18,"Valladolid",38,7,15,16,37,62,-25,36,"ESP",76,14
2009,19,"Tenerife",38,9,9,20,40,74,-34,36,"ESP",35,3
2009,20,"Xerez",38,8,10,20,38,66,-28,34,"ESP",31,6
2010,1,"Barcelona",38,30,6,2,95,21,74,96,"ESP",81,6
2010,2,"Real Madrid",38,29,5,4,102,33,69,92,"ESP",99,4
2010,3,"Valencia",38,21,8,9,64,44,20,71,"ESP",116,12
2010,4,"Villarreal",38,18,8,12,54,44,10,62,"ESP",95,9
2010,5,"Sevilla",38,17,7,14,62,61,1,58,"ESP",99,14
2010,6,"Athletic Bilbao",38,18,4,16,59,55,4,58,"ESP",90,9
2010,7,"Atlético de Madrid",38,17,7,14,62,53,9,58,"ESP",95,7
2010,8,"Espanyol",38,15,4,19,46,55,-9,49,"ESP",120,11
2010,9,"Osasuna",38,13,8,17,45,46,-1,47,"ESP",82,7
2010,10,"Sporting Gijón",38,11,14,13,35,42,-7,47,"ESP",114,6
2010,11,"Málaga",38,13,7,18,54,68,-14,46,"ESP",117,9
2010,12,"Racing Santander",38,12,10,16,41,56,-15,46,"ESP",92,8
2010,13,"Real Zaragoza",38,12,9,17,40,53,-13,45,"ESP",126,10
2010,14,"Levante",38,12,9,17,41,52,-11,45,"ESP",54,1
2010,15,"Real Sociedad",38,14,3,21,49,66,-17,45,"ESP",32,0
2010,16,"Getafe",38,12,8,18,49,60,-11,44,"ESP",117,9
2010,17,"Mallorca",38,12,8,18,41,56,-15,44,"ESP",98,3
2010,18,"La Coruña",38,10,13,15,31,47,-16,43,"ESP",77,5
2010,19,"Hercules",38,9,8,21,36,60,-24,35,"ESP",39,4
2010,20,"Almería",38,6,12,20,36,70,-34,30,"ESP",89,6
2011,1,"Real Madrid",38,32,4,2,121,32,89,100,"ESP",81,7
2011,2,"Barcelona",38,28,7,3,114,29,85,91,"ESP",71,0
2011,3,"Valencia",38,17,10,11,59,44,15,61,"ESP",102,6
2011,4,"Málaga",38,17,7,14,54,53,1,58,"ESP",78,7
2011,5,"Atlético de Madrid",38,15,11,12,53,46,7,56,"ESP",106,5
2011,6,"Levante",38,16,7,15,54,50,4,55,"ESP",120,3
2011,7,"Osasuna",38,13,15,10,44,61,-17,54,"ESP",103,8
2011,8,"Mallorca",38,14,10,14,42,46,-4,52,"ESP",102,4
2011,9,"Sevilla",38,13,11,14,48,47,1,50,"ESP",102,7
2011,10,"Athletic Bilbao",38,12,13,13,49,52,-3,49,"ESP",93,7
2011,11,"Getafe",38,12,11,15,40,51,-11,47,"ESP",121,5
2011,12,"Real Sociedad",38,12,11,15,46,52,-6,47,"ESP",79,4
2011,13,"Betis",38,13,8,17,47,56,-9,47,"ESP",36,3
2011,14,"Espanyol",38,12,10,16,46,56,-10,46,"ESP",104,4
2011,15,"Vallecano",38,13,4,21,53,73,-20,43,"ESP",51,1
2011,16,"Real Zaragoza",38,12,7,19,36,61,-25,43,"ESP",117,6
2011,17,"Granada",38,12,6,20,35,56,-21,42,"ESP",41,2
2011,18,"Villarreal",38,9,14,15,39,53,-14,41,"ESP",89,2
2011,19,"Sporting Gijón",38,10,7,21,42,69,-27,37,"ESP",81,7
2011,20,"Racing Santander",38,4,15,19,28,63,-35,27,"ESP",99,7
2012,1,"Barcelona",38,32,4,2,115,40,75,100,"ESP",67,5
2012,2,"Real Madrid",38,26,7,5,103,42,61,85,"ESP",92,3
2012,3,"Atlético de Madrid",38,23,7,8,65,31,34,76,"ESP",115,4
2012,4,"Real Sociedad",38,18,12,8,70,49,21,66,"ESP",86,4
2012,5,"Valencia",38,19,8,11,67,54,13,65,"ESP",131,10
2012,6,"Málaga",38,16,9,13,53,50,3,57,"ESP",94,6
2012,7,"Betis",38,16,8,14,57,56,1,56,"ESP",106,9
2012,8,"Vallecano",38,16,5,17,50,66,-16,53,"ESP",135,6
2012,9,"Sevilla",38,14,8,16,58,54,4,50,"ESP",104,12
2012,10,"Getafe",38,13,8,17,43,57,-14,47,"ESP",112,8
2012,11,"Levante",38,12,10,16,40,57,-17,46,"ESP",115,6
2012,12,"Athletic Bilbao",38,12,9,17,44,65,-21,45,"ESP",116,7
2012,13,"Espanyol",38,11,11,16,43,52,-9,44,"ESP",137,10
2012,14,"Valladolid",38,11,10,17,49,58,-9,43,"ESP",41,1
2012,15,"Granada",38,11,9,18,37,54,-17,42,"ESP",111,11
2012,16,"Osasuna",38,10,9,19,33,50,-17,39,"ESP",113,9
2012,17,"Celta de Vigo",38,10,7,21,37,52,-15,37,"ESP",40,2
2012,18,"Mallorca",38,9,9,20,43,72,-29,36,"ESP",109,7
2012,19,"La Coruña",38,8,11,19,47,70,-23,35,"ESP",45,2
2012,20,"Real Zaragoza",38,9,7,22,37,62,-25,34,"ESP",118,9
2013,1,"Atlético de Madrid",38,28,6,4,77,26,51,90,"ESP",102,4
2013,2,"Barcelona",38,27,6,5,100,33,67,87,"ESP",60,2
2013,3,"Real Madrid",38,27,6,5,104,38,66,87,"ESP",91,6
2013,4,"Athletic Bilbao",38,20,10,8,66,39,27,70,"ESP",92,8
2013,5,"Sevilla",38,18,9,11,69,52,17,63,"ESP",105,8
2013,6,"Villarreal",38,17,8,13,60,44,16,59,"ESP",31,2
2013,7,"Real Sociedad",38,16,11,11,62,55,7,59,"ESP",78,2
2013,8,"Valencia",38,13,10,15,51,53,-2,49,"ESP",97,2
2013,9,"Celta de Vigo",38,14,7,17,49,54,-5,49,"ESP",92,5
2013,10,"Levante",38,12,12,14,35,43,-8,48,"ESP",109,5
2013,11,"Málaga",38,12,9,17,39,46,-7,45,"ESP",95,6
2013,12,"Vallecano",38,13,4,21,46,80,-34,43,"ESP",123,7
2013,13,"Getafe",38,11,9,18,35,54,-19,42,"ESP",107,8
2013,14,"Espanyol",38,11,9,18,41,51,-10,42,"ESP",125,7
2013,15,"Granada",38,12,5,21,32,56,-24,41,"ESP",103,5
2013,16,"Elche",38,9,13,16,30,50,-20,40,"ESP",55,3
2013,17,"Almería",38,11,7,20,43,71,-28,40,"ESP",43,2
2013,18,"Osasuna",38,10,9,19,32,62,-30,39,"ESP",102,11
2013,19,"Valladolid",38,7,15,16,38,60,-22,36,"ESP",78,4
2013,20,"Betis",38,6,7,25,36,78,-42,25,"ESP",113,4
2014,1,"Barcelona",38,30,4,4,110,21,89,94,"ESP",65,2
2014,2,"Real Madrid",38,30,2,6,118,38,80,92,"ESP",63,3
2014,3,"Atlético de Madrid",38,23,9,6,67,29,38,78,"ESP",94,5
2014,4,"Valencia",38,22,11,5,70,32,38,77,"ESP",92,8
2014,5,"Sevilla",38,23,7,8,71,45,26,76,"ESP",98,6
2014,6,"Villarreal",38,16,12,10,48,37,11,60,"ESP",80,3
2014,7,"Athletic Bilbao",38,15,10,13,42,41,1,55,"ESP",83,3
2014,8,"Celta de Vigo",38,13,12,13,47,44,3,51,"ESP",92,2
2014,9,"Málaga",38,14,8,16,42,48,-6,50,"ESP",104,13
2014,10,"Espanyol",38,13,10,15,47,51,-4,49,"ESP",91,7
2014,11,"Vallecano",38,15,4,19,46,68,-22,49,"ESP",103,5
2014,12,"Real Sociedad",38,11,13,14,44,51,-7,46,"ESP",77,1
2014,13,"Elche",38,11,8,19,35,62,-27,41,"ESP",97,8
2014,14,"Levante",38,9,10,19,34,67,-33,37,"ESP",107,8
2014,15,"Getafe",38,10,7,21,33,64,-31,37,"ESP",116,7
2014,16,"La Coruña",38,7,14,17,35,60,-25,35,"ESP",45,1
2014,17,"Granada",38,7,14,17,29,64,-35,35,"ESP",101,7
2014,18,"Eibar",38,9,8,21,34,55,-21,35,"ESP",53,1
2014,19,"Almería",38,8,8,22,35,64,-29,29,"ESP",99,5
2014,20,"Córdoba",38,3,11,24,22,68,-46,20,"ESP",43,0
2015,1,"Barcelona",38,29,4,5,112,29,83,91,"ESP",68,3
2015,2,"Real Madrid",38,28,6,4,110,34,76,90,"ESP",89,3
2015,3,"Atlético de Madrid",38,28,4,6,63,18,45,88,"ESP",113,3
2015,4,"Villarreal",38,18,10,10,44,35,9,64,"ESP",93,4
2015,5,"Athletic Bilbao",38,18,8,12,58,45,13,62,"ESP",92,5
2015,6,"Celta de Vigo",38,17,9,12,51,59,-8,60,"ESP",116,8
2015,7,"Sevilla",38,14,10,14,51,50,1,52,"ESP",120,2
2015,8,"Málaga",38,12,12,14,38,35,3,48,"ESP",104,5
2015,9,"Real Sociedad",38,13,9,16,45,48,-3,48,"ESP",109,4
2015,10,"Betis",38,11,12,15,34,52,-18,45,"ESP",50,3
2015,11,"Las Palmas",38,12,8,18,45,53,-8,44,"ESP",40,3
2015,12,"Valencia",38,11,11,16,46,48,-2,44,"ESP",119,9
2015,13,"Espanyol",38,12,7,19,40,74,-34,43,"ESP",126,7
2015,14,"Eibar",38,11,10,17,49,61,-12,43,"ESP",106,6
2015,15,"La Coruña",38,8,18,12,45,61,-16,42,"ESP",100,4
2015,16,"Granada",38,10,9,19,46,69,-23,39,"ESP",117,8
2015,17,"Sporting Gijón",38,10,9,19,40,62,-22,39,"ESP",41,2
2015,18,"Vallecano",38,9,11,18,52,73,-21,38,"ESP",100,11
2015,19,"Getafe",38,9,9,20,37,67,-30,36,"ESP",103,6
2015,20,"Levante",38,8,8,22,37,70,-33,32,"ESP",121,5
2016,1,"Real Madrid",38,29,6,3,106,41,65,93,"ESP",68,4
2016,2,"Barcelona",38,28,6,4,116,37,79,90,"ESP",75,0
2016,3,"Atlético de Madrid",38,23,9,6,70,27,43,78,"ESP",74,4
2016,4,"Sevilla",38,21,9,8,69,49,20,72,"ESP",88,9
2016,5,"Villarreal",38,19,10,9,56,33,23,67,"ESP",84,1
2016,6,"Real Sociedad",38,19,7,12,59,53,6,64,"ESP",87,4
2016,7,"Athletic Bilbao",38,19,6,13,53,43,10,63,"ESP",87,6
2016,8,"Espanyol",38,15,11,12,49,50,-1,56,"ESP",96,4
2016,9,"Alavés",38,14,13,11,41,43,-2,55,"ESP",54,1
2016,10,"Eibar",38,15,9,14,56,51,5,54,"ESP",88,5
2016,11,"Málaga",38,12,10,16,49,55,-6,46,"ESP",108,7
2016,12,"Valencia",38,13,7,18,56,65,-9,46,"ESP",88,5
2016,13,"Celta de Vigo",38,13,6,19,53,69,-16,45,"ESP",104,8
2016,14,"Las Palmas",38,10,9,19,53,74,-21,39,"ESP",97,3
2016,15,"Betis",38,10,9,19,41,64,-23,39,"ESP",96,5
2016,16,"La Coruña",38,8,12,18,43,61,-18,36,"ESP",71,5
2016,17,"Leganés",38,8,11,19,36,55,-19,35,"ESP",47,2
2016,18,"Sporting Gijón",38,7,10,21,42,72,-30,31,"ESP",99,6
2016,19,"Osasuna",38,4,10,24,40,94,-54,22,"ESP",41,2
2016,20,"Granada",38,4,8,26,30,82,-52,20,"ESP",115,4
2017,1,"Barcelona",38,28,9,1,99,29,70,93,"ESP",71,1
2017,2,"Atlético de Madrid",38,23,10,5,58,22,36,79,"ESP",90,2
2017,3,"Real Madrid",38,22,10,6,94,44,50,76,"ESP",69,6
2017,4,"Valencia",38,22,7,9,65,38,27,73,"ESP",121,6
2017,5,"Villarreal",38,18,7,13,57,50,7,61,"ESP",115,7
2017,6,"Betis",38,18,6,14,60,61,-1,60,"ESP",100,5
2017,7,"Sevilla",38,17,7,14,49,58,-9,58,"ESP",105,3
2017,8,"Getafe",38,15,10,13,42,33,9,55,"ESP",56,2
2017,9,"Eibar",38,14,9,15,44,50,-6,51,"ESP",83,6
2017,10,"Girona",38,14,9,15,50,59,-9,51,"ESP",54,0
2017,11,"Espanyol",38,12,13,13,36,42,-6,49,"ESP",88,1
2017,12,"Real Sociedad",38,14,7,17,66,59,7,49,"ESP",76,8
2017,13,"Celta de Vigo",38,13,10,15,59,60,-1,49,"ESP",99,4
2017,14,"Alavés",38,15,2,21,40,50,-10,47,"ESP",115,5
2017,15,"Levante",38,11,13,14,44,58,-14,46,"ESP",41,2
2017,16,"Athletic Bilbao",38,10,13,15,41,49,-8,43,"ESP",86,0
2017,17,"Leganés",38,12,7,19,34,51,-17,43,"ESP",101,2
2017,18,"La Coruña",38,6,11,21,38,76,-38,29,"ESP",107,2
2017,19,"Las Palmas",38,5,7,26,24,74,-50,22,"ESP",89,5
2017,20,"Málaga",38,5,5,28,24,61,-37,20,"ESP",108,5
2018,1,"Barcelona",38,26,9,3,90,36,54,87,"ESP",65,4
2018,2,"Atlético de Madrid",38,22,10,6,55,29,26,76,"ESP",102,5
2018,3,"Real Madrid",38,21,5,12,63,46,17,68,"ESP",62,0
2018,4,"Valencia",38,15,16,7,51,35,16,61,"ESP",99,4
2018,5,"Getafe",38,15,14,9,48,35,13,59,"ESP",129,6
2018,6,"Sevilla",38,17,8,13,62,47,15,59,"ESP",107,4
2018,7,"Espanyol",38,14,11,13,48,50,-2,53,"ESP",84,0
2018,8,"Athletic Bilbao",38,13,14,11,41,45,-4,53,"ESP",113,3
2018,9,"Real Sociedad",38,13,11,14,45,46,-1,50,"ESP",69,3
2018,10,"Betis",38,14,8,16,44,52,-8,50,"ESP",88,0
2018,11,"Alavés",38,13,11,14,39,50,-11,50,"ESP",96,4
2018,12,"Eibar",38,11,14,13,46,50,-4,47,"ESP",90,3
2018,13,"Leganés",38,11,12,15,37,43,-6,45,"ESP",107,5
2018,14,"Villarreal",38,10,14,14,49,52,-3,44,"ESP",108,5
2018,15,"Levante",38,11,11,16,59,66,-7,44,"ESP",121,8
2018,16,"Valladolid",38,10,11,17,32,51,-19,41,"ESP",34,0
2018,17,"Celta de Vigo",38,10,11,17,53,62,-9,41,"ESP",84,3
2018,18,"Girona",38,9,10,19,37,53,-16,37,"ESP",81,1
2018,19,"Huesca",38,7,12,19,43,65,-22,33,"ESP",52,1
2018,20,"Vallecano",38,8,8,22,41,70,-29,32,"ESP",45,4
2019,1,"Real Madrid",38,26,9,3,70,25,45,87,"ESP",98,10
2019,2,"Barcelona",38,25,7,6,86,38,48,82,"ESP",95,3
2019,3,"Atlético de Madrid",38,18,16,4,51,27,24,70,"ESP",103,6
2019,4,"Sevilla",38,19,13,6,54,34,20,70,"ESP",124,5
2019,5,"Villarreal",38,18,6,14,63,49,14,60,"ESP",108,1
2019,6,"Real Sociedad",38,16,8,14,56,48,8,56,"ESP",76,3
2019,7,"Granada",38,16,8,14,52,45,7,56,"ESP",51,0
2019,8,"Getafe",38,14,12,12,43,37,6,54,"ESP",119,6
2019,9,"Valencia",38,14,11,13,46,53,-7,53,"ESP",82,5
2019,10,"Osasuna",38,13,13,12,46,54,-8,52,"ESP",58,4
2019,11,"Athletic Bilbao",38,13,12,13,41,38,3,51,"ESP",98,2
2019,12,"Levante",38,14,7,17,47,53,-6,49,"ESP",106,7
2019,13,"Valladolid",38,9,15,14,32,43,-11,42,"ESP",102,0
2019,14,"Eibar",38,11,9,18,39,56,-17,42,"ESP",95,2
2019,15,"Betis",38,10,11,17,48,60,-12,41,"ESP",103,4
2019,16,"Alavés",38,10,9,19,34,59,-25,39,"ESP",113,3
2019,17,"Celta de Vigo",38,7,16,15,37,49,-12,37,"ESP",87,7
2019,18,"Leganés",38,8,12,18,30,51,-21,36,"ESP",116,5
2019,19,"Mallorca",38,9,6,23,40,65,-25,33,"ESP",45,2
2019,20,"Espanyol",38,5,10,23,27,58,-31,25,"ESP",102,4
2006,1,"Manchester United",38,28,5,5,83,27,56,89,"ENG",28,0
2006,2,"Chelsea",38,24,11,3,64,24,40,83,"ENG",37,3
2006,3,"Liverpool",38,20,8,10,57,27,30,68,"ENG",27,0
2006,4,"Arsenal",38,19,11,8,63,35,28,68,"ENG",37,1
2006,5,"Tottenham",38,17,9,12,57,54,3,60,"ENG",24,3
2006,6,"Everton",38,15,13,10,52,36,16,58,"ENG",35,2
2006,7,"Bolton",38,16,8,14,47,52,-5,56,"ENG",43,2
2006,8,"Reading",38,16,7,15,52,47,5,55,"ENG",22,3
2006,9,"Portsmouth",38,14,12,12,45,42,3,54,"ENG",29,1
2006,10,"Blackburn",38,15,7,16,52,54,-2,52,"ENG",45,4
2006,11,"Aston Villa",38,11,17,10,43,41,2,50,"ENG",27,1
2006,12,"Middlesbrough",38,12,10,16,44,49,-5,46,"ENG",41,2
2006,13,"Newcastle",38,11,10,17,38,47,-9,43,"ENG",42,1
2006,14,"Manchester City",38,11,9,18,29,44,-15,42,"ENG",32,4
2006,15,"West Ham",38,12,5,21,35,59,-24,41,"ENG",44,1
2006,16,"Fulham",38,8,15,15,38,60,-22,39,"ENG",29,1
2006,17,"Wigan",38,10,8,20,37,59,-22,38,"ENG",38,0
2006,18,"Sheffield United",38,10,8,20,32,55,-23,38,"ENG",35,1
2006,19,"Charlton",38,8,10,20,34,60,-26,34,"ENG",32,2
2006,20,"Watford",38,5,13,20,29,59,-30,28,"ENG",25,1
2007,1,"Manchester United",38,27,6,5,80,22,58,87,"ENG",58,2
2007,2,"Chelsea",38,25,10,3,65,26,39,85,"ENG",69,6
2007,3,"Arsenal",38,24,11,3,74,31,43,83,"ENG",58,4
2007,4,"Liverpool",38,21,13,4,67,28,39,76,"ENG",38,0
2007,5,"Everton",38,19,8,11,55,33,22,65,"ENG",51,3
2007,6,"Aston Villa",38,16,12,10,71,51,20,60,"ENG",59,3
2007,7,"Blackburn",38,15,13,10,50,48,2,58,"ENG",76,8
2007,8,"Portsmouth",38,16,9,13,48,40,8,57,"ENG",59,1
2007,9,"Manchester City",38,15,10,13,45,53,-8,55,"ENG",61,2
2007,10,"West Ham",38,13,10,15,42,50,-8,49,"ENG",81,1
2007,11,"Tottenham",38,11,13,14,66,61,5,46,"ENG",53,2
2007,12,"Newcastle",38,11,10,17,45,65,-20,43,"ENG",63,0
2007,13,"Middlesbrough",38,10,12,16,43,53,-10,42,"ENG",70,0
2007,14,"Wigan",38,10,10,18,34,51,-17,40,"ENG",71,5
2007,15,"Sunderland",38,11,6,21,36,59,-23,39,"ENG",32,3
2007,16,"Bolton",38,9,10,19,36,54,-18,37,"ENG",82,2
2007,17,"Fulham",38,8,12,18,38,60,-22,36,"ENG",66,7
2007,18,"Reading",38,10,6,22,41,66,-25,36,"ENG",45,3
2007,19,"Birmingham",38,8,11,19,46,62,-16,35,"ENG",34,0
2007,20,"Derby",38,1,8,29,20,89,-69,11,"ENG",29,0
2008,1,"Manchester United",38,28,6,4,68,24,44,90,"ENG",61,3
2008,2,"Liverpool",38,25,11,2,77,27,50,86,"ENG",55,1
2008,3,"Chelsea",38,25,8,5,68,24,44,83,"ENG",52,3
2008,4,"Arsenal",38,20,12,6,68,37,31,72,"ENG",55,3
2008,5,"Everton",38,17,12,9,55,37,18,63,"ENG",49,1
2008,6,"Aston Villa",38,17,11,10,54,48,6,62,"ENG",50,1
2008,7,"Fulham",38,14,11,13,39,34,5,53,"ENG",42,2
2008,8,"Tottenham",38,14,9,15,45,45,0,51,"ENG",51,4
2008,9,"West Ham",38,14,9,15,42,45,-3,51,"ENG",63,4
2008,10,"Manchester City",38,15,5,18,58,50,8,50,"ENG",42,5
2008,11,"Wigan",38,12,9,17,34,45,-11,45,"ENG",58,5
2008,12,"Stoke",38,12,9,17,38,55,-17,45,"ENG",41,3
2008,13,"Bolton",38,11,8,19,41,53,-12,41,"ENG",70,1
2008,14,"Portsmouth",38,10,11,17,38,57,-19,41,"ENG",48,4
2008,15,"Blackburn",38,10,11,17,40,60,-20,41,"ENG",76,3
2008,16,"Sunderland",38,9,9,20,34,54,-20,36,"ENG",70,1
2008,17,"Hull City|Hull",38,8,11,19,39,64,-25,35,"ENG",35,1
2008,18,"Newcastle",38,7,13,18,40,59,-19,34,"ENG",52,4
2008,19,"Middlesbrough",38,7,11,20,28,57,-29,32,"ENG",70,3
2008,20,"West Brom",38,8,8,22,36,67,-31,32,"ENG",35,0
2009,1,"Chelsea",38,27,5,6,103,32,71,86,"ENG",49,3
2009,2,"Manchester United",38,27,4,7,86,28,58,85,"ENG",59,5
2009,3,"Arsenal",38,23,6,9,83,41,42,75,"ENG",52,1
2009,4,"Tottenham",38,21,7,10,67,41,26,70,"ENG",57,2
2009,5,"Manchester City",38,18,13,7,73,45,28,67,"ENG",52,3
2009,6,"Aston Villa",38,17,13,8,52,39,13,64,"ENG",60,4
2009,7,"Liverpool",38,18,9,11,61,35,26,63,"ENG",45,4
2009,8,"Everton",38,16,13,9,60,49,11,61,"ENG",51,1
2009,9,"Birmingham",38,13,11,14,38,47,-9,50,"ENG",35,1
2009,10,"Blackburn",38,13,11,14,41,55,-14,50,"ENG",65,3
2009,11,"Stoke",38,11,14,13,34,48,-14,47,"ENG",71,3
2009,12,"Fulham",38,12,10,16,39,46,-7,46,"ENG",45,1
2009,13,"Sunderland",38,11,11,16,48,56,-8,44,"ENG",79,5
2009,14,"Bolton",38,10,9,19,42,67,-25,39,"ENG",63,2
2009,15,"Wolves",38,9,11,18,32,56,-24,38,"ENG",38,2
2009,16,"Wigan",38,9,9,20,37,79,-42,36,"ENG",58,1
2009,17,"West Ham",38,8,11,19,47,66,-19,35,"ENG",73,5
2009,18,"Burnley",38,8,6,24,42,82,-40,30,"ENG",29,2
2009,19,"Hull City|Hull",38,6,12,20,34,75,-41,30,"ENG",76,4
2009,20,"Portsmouth",38,7,7,24,34,66,-32,19,"ENG",75,5
2010,1,"Manchester United",38,23,11,4,78,37,41,80,"ENG",47,2
2010,2,"Chelsea",38,21,8,9,69,33,36,71,"ENG",57,4
2010,3,"Manchester City",38,21,8,9,60,33,27,71,"ENG",71,4
2010,4,"Arsenal",38,19,11,8,72,43,29,68,"ENG",66,5
2010,5,"Tottenham",38,16,14,8,55,46,9,62,"ENG",55,2
2010,6,"Liverpool",38,17,7,14,59,44,15,58,"ENG",56,3
2010,7,"Everton",38,13,15,10,51,45,6,54,"ENG",51,4
2010,8,"Fulham",38,11,16,11,49,43,6,49,"ENG",45,0
2010,9,"Aston Villa",38,12,12,14,48,59,-11,48,"ENG",57,0
2010,10,"Sunderland",38,12,11,15,45,56,-11,47,"ENG",70,8
2010,11,"West Brom",38,12,11,15,56,71,-15,47,"ENG",27,6
2010,12,"Newcastle",38,11,13,14,56,57,-1,46,"ENG",43,1
2010,13,"Stoke",38,13,7,18,46,48,-2,46,"ENG",65,4
2010,14,"Bolton",38,12,10,16,52,56,-4,46,"ENG",73,7
2010,15,"Blackburn",38,11,10,17,46,59,-13,43,"ENG",63,3
2010,16,"Wigan",38,9,15,14,40,61,-21,42,"ENG",65,6
2010,17,"Wolves",38,11,7,20,46,66,-20,40,"ENG",62,4
2010,18,"Birmingham",38,8,15,15,37,58,-21,39,"ENG",67,1
2010,19,"Blackpool",38,10,9,19,55,78,-23,39,"ENG",23,1
2010,20,"West Ham",38,7,12,19,43,70,-27,33,"ENG",56,0
2011,1,"Manchester City",38,28,5,5,93,29,64,89,"ENG",55,4
2011,2,"Manchester United",38,28,5,5,89,33,56,89,"ENG",55,4
2011,3,"Arsenal",38,21,7,10,74,49,25,70,"ENG",67,5
2011,4,"Tottenham",38,20,9,9,66,41,25,69,"ENG",45,1
2011,5,"Newcastle",38,19,8,11,56,51,5,65,"ENG",66,3
2011,6,"Chelsea",38,18,10,10,65,46,19,64,"ENG",73,3
2011,7,"Everton",38,15,11,12,50,40,10,56,"ENG",62,3
2011,8,"Liverpool",38,14,10,14,47,40,7,52,"ENG",66,3
2011,9,"Fulham",38,14,10,14,48,51,-3,52,"ENG",66,1
2011,10,"West Brom",38,13,8,17,45,52,-7,47,"ENG",50,1
2011,11,"Swansea",38,12,11,15,44,51,-7,47,"ENG",25,1
2011,12,"Norwich",38,12,11,15,52,66,-14,47,"ENG",28,2
2011,13,"Sunderland",38,11,12,15,45,46,-1,45,"ENG",62,3
2011,14,"Stoke",38,11,12,15,36,53,-17,45,"ENG",69,1
2011,15,"Wigan",38,11,10,17,42,62,-20,43,"ENG",73,4
2011,16,"Aston Villa",38,7,17,14,37,53,-16,38,"ENG",71,4
2011,17,"Queens Park Rangers",38,10,7,21,43,66,-23,37,"ENG",26,2
2011,18,"Bolton",38,10,6,22,46,77,-31,36,"ENG",59,6
2011,19,"Blackburn",38,8,7,23,48,78,-30,31,"ENG",70,4
2011,20,"Wolves",38,5,10,23,40,82,-42,25,"ENG",63,1
2012,1,"Manchester United",38,28,5,5,86,43,43,89,"ENG",61,0
2012,2,"Manchester City",38,23,9,6,66,34,32,78,"ENG",59,4
2012,3,"Chelsea",38,22,9,7,75,39,36,75,"ENG",60,3
2012,4,"Arsenal",38,21,10,7,72,37,35,73,"ENG",49,2
2012,5,"Tottenham",38,21,9,8,66,46,20,72,"ENG",52,4
2012,6,"Everton",38,16,15,7,55,40,15,63,"ENG",64,2
2012,7,"Liverpool",38,16,13,9,71,43,28,61,"ENG",54,4
2012,8,"West Brom",38,14,7,17,53,57,-4,49,"ENG",58,2
2012,9,"Swansea",38,11,13,14,47,51,-4,46,"ENG",50,3
2012,10,"West Ham",38,12,10,16,45,53,-8,46,"ENG",41,1
2012,11,"Norwich",38,10,14,14,41,58,-17,44,"ENG",52,1
2012,12,"Fulham",38,11,10,17,50,60,-10,43,"ENG",39,1
2012,13,"Stoke",38,9,15,14,34,45,-11,42,"ENG",68,5
2012,14,"Southampton",38,9,14,15,49,60,-11,41,"ENG",17,0
2012,15,"Aston Villa",38,10,11,17,47,69,-22,41,"ENG",70,2
2012,16,"Newcastle",38,11,8,19,45,68,-23,41,"ENG",72,2
2012,17,"Sunderland",38,9,12,17,41,54,-13,39,"ENG",56,2
2012,18,"Wigan",38,9,9,20,47,73,-26,36,"ENG",71,2
2012,19,"Reading",38,6,10,22,43,73,-30,28,"ENG",25,0
2012,20,"Queens Park Rangers",38,4,13,21,30,60,-30,25,"ENG",61,9
2013,1,"Manchester City",38,27,5,6,102,37,65,86,"ENG",63,1
2013,2,"Liverpool",38,26,6,6,101,50,51,84,"ENG",55,0
2013,3,"Chelsea",38,25,7,6,71,27,44,82,"ENG",54,2
2013,4,"Arsenal",38,24,7,7,68,41,27,79,"ENG",55,6
2013,5,"Everton",38,21,9,8,61,39,22,72,"ENG",60,2
2013,6,"Tottenham",38,21,6,11,55,51,4,69,"ENG",59,1
2013,7,"Manchester United",38,19,7,12,64,43,21,64,"ENG",62,2
2013,8,"Southampton",38,15,11,12,54,46,8,56,"ENG",58,2
2013,9,"Stoke",38,13,11,14,45,52,-7,50,"ENG",77,3
2013,10,"Newcastle",38,15,4,19,43,59,-16,49,"ENG",60,4
2013,11,"Crystal Palace",38,13,6,19,33,48,-15,45,"ENG",20,2
2013,12,"Swansea",38,11,9,18,54,54,0,42,"ENG",57,1
2013,13,"West Ham",38,11,7,20,40,51,-11,40,"ENG",65,2
2013,14,"Sunderland",38,10,8,20,41,60,-19,38,"ENG",55,8
2013,15,"Aston Villa",38,10,8,20,39,61,-22,38,"ENG",82,1
2013,16,"Hull City|Hull",38,10,7,21,38,53,-15,37,"ENG",29,1
2013,17,"West Brom",38,7,15,16,43,59,-16,36,"ENG",63,3
2013,18,"Norwich",38,8,9,21,28,62,-34,33,"ENG",65,1
2013,19,"Fulham",38,9,5,24,40,85,-45,32,"ENG",53,2
2013,20,"Cardiff",38,7,9,22,32,74,-42,30,"ENG",24,0
2014,1,"Chelsea",38,26,9,3,73,32,41,87,"ENG",63,4
2014,2,"Manchester City",38,24,7,7,83,38,45,79,"ENG",85,3
2014,3,"Arsenal",38,22,9,7,71,36,35,75,"ENG",67,4
2014,4,"Manchester United",38,20,10,8,62,37,25,70,"ENG",63,5
2014,5,"Tottenham",38,19,7,12,58,53,5,64,"ENG",68,6
2014,6,"Liverpool",38,18,8,12,52,48,4,62,"ENG",60,2
2014,7,"Southampton",38,18,6,14,54,33,21,60,"ENG",55,1
2014,8,"Swansea",38,16,8,14,46,49,-3,56,"ENG",52,6
2014,9,"Stoke",38,15,9,14,48,45,3,54,"ENG",75,3
2014,10,"Crystal Palace",38,13,9,16,47,51,-4,48,"ENG",64,3
2014,11,"Everton",38,12,11,15,48,50,-2,47,"ENG",56,0
2014,12,"West Ham",38,12,11,15,44,47,-3,47,"ENG",64,4
2014,13,"West Brom",38,11,11,16,38,51,-13,44,"ENG",63,1
2014,14,"Leicester",38,11,8,19,46,55,-9,41,"ENG",29,3
2014,15,"Newcastle",38,10,9,19,40,63,-23,39,"ENG",64,7
2014,16,"Sunderland",38,7,17,14,31,53,-22,38,"ENG",93,2
2014,17,"Aston Villa",38,10,8,20,31,57,-26,38,"ENG",76,4
2014,18,"Hull City|Hull",38,8,11,19,33,51,-18,35,"ENG",60,7
2014,19,"Burnley",38,7,12,19,28,53,-25,33,"ENG",33,0
2014,20,"Queens Park Rangers",38,8,6,24,42,73,-31,30,"ENG",31,1
2015,1,"Leicester",38,23,12,3,68,36,32,81,"ENG",52,1
2015,2,"Arsenal",38,20,11,7,65,36,29,71,"ENG",42,2
2015,3,"Tottenham",38,19,13,6,69,35,34,70,"ENG",82,1
2015,4,"Manchester City",38,19,9,10,71,41,30,66,"ENG",71,0
2015,5,"Manchester United",38,19,9,10,49,35,14,66,"ENG",59,2
2015,6,"Southampton",38,18,9,11,59,41,18,63,"ENG",64,4
2015,7,"West Ham",38,16,14,8,65,51,14,62,"ENG",53,5
2015,8,"Liverpool",38,16,12,10,63,50,13,60,"ENG",70,3
2015,9,"Stoke",38,14,9,15,41,55,-14,51,"ENG",67,4
2015,10,"Chelsea",38,12,14,12,59,53,6,50,"ENG",71,5
2015,11,"Everton",38,11,14,13,59,55,4,47,"ENG",61,4
2015,12,"Swansea",38,12,11,15,42,52,-10,47,"ENG",48,1
2015,13,"Watford",38,12,9,17,40,50,-10,45,"ENG",36,2
2015,14,"West Brom",38,10,13,15,34,48,-14,43,"ENG",73,5
2015,15,"Crystal Palace",38,11,9,18,39,51,-12,42,"ENG",66,2
2015,16,"AFC Bournemouth",38,11,9,18,45,67,-22,42,"ENG",29,0
2015,17,"Sunderland",38,9,12,17,48,62,-14,39,"ENG",81,4
2015,18,"Newcastle",38,9,10,19,44,65,-21,37,"ENG",62,7
2015,19,"Norwich",38,9,7,22,39,67,-28,34,"ENG",31,2
2015,20,"Aston Villa",38,3,8,27,27,76,-49,17,"ENG",68,3
2016,1,"Chelsea",38,30,3,5,85,33,52,93,"ENG",69,3
2016,2,"Tottenham",38,26,8,4,86,26,60,86,"ENG",66,0
2016,3,"Manchester City",38,23,9,6,80,39,41,78,"ENG",61,3
2016,4,"Liverpool",38,22,10,6,78,42,36,76,"ENG",50,2
2016,5,"Arsenal",38,23,6,9,77,44,33,75,"ENG",51,3
2016,6,"Manchester United",38,18,15,5,54,29,25,69,"ENG",77,2
2016,7,"Everton",38,17,10,11,62,44,18,61,"ENG",55,4
2016,8,"Southampton",38,12,10,16,41,48,-7,46,"ENG",55,6
2016,9,"AFC Bournemouth",38,12,10,16,55,67,-12,46,"ENG",51,2
2016,10,"West Brom",38,12,9,17,43,51,-8,45,"ENG",68,0
2016,11,"West Ham",38,12,9,17,47,64,-17,45,"ENG",73,3
2016,12,"Leicester",38,12,8,18,48,63,-15,44,"ENG",58,4
2016,13,"Stoke",38,11,11,16,41,56,-15,44,"ENG",58,2
2016,14,"Crystal Palace",38,12,5,21,50,63,-13,41,"ENG",72,0
2016,15,"Swansea",38,12,5,21,45,70,-25,41,"ENG",59,1
2016,16,"Burnley",38,11,7,20,39,55,-16,40,"ENG",34,0
2016,17,"Watford",38,11,7,20,40,68,-28,40,"ENG",80,4
2016,18,"Hull City|Hull",38,9,7,22,37,80,-43,34,"ENG",30,2
2016,19,"Middlesbrough",38,5,13,20,27,53,-26,28,"ENG",40,0
2016,20,"Sunderland",38,6,6,26,29,69,-40,24,"ENG",65,3
2017,1,"Manchester City",38,32,4,2,106,27,79,100,"ENG",70,3
2017,2,"Manchester United",38,25,6,7,68,28,40,81,"ENG",69,2
2017,3,"Tottenham",38,23,8,7,74,36,38,77,"ENG",51,2
2017,4,"Liverpool",38,21,12,5,84,38,46,75,"ENG",53,1
2017,5,"Chelsea",38,21,7,10,62,38,24,70,"ENG",52,3
2017,6,"Arsenal",38,19,6,13,74,51,23,63,"ENG",69,2
2017,7,"Burnley",38,14,12,12,36,39,-3,54,"ENG",69,2
2017,8,"Everton",38,13,10,15,44,58,-14,49,"ENG",67,3
2017,9,"Leicester",38,12,11,15,56,60,-4,47,"ENG",54,2
2017,10,"Newcastle",38,12,8,18,39,47,-8,44,"ENG",33,2
2017,11,"Crystal Palace",38,11,11,16,45,55,-10,44,"ENG",78,0
2017,12,"AFC Bournemouth",38,11,11,16,45,61,-16,44,"ENG",57,3
2017,13,"West Ham",38,10,12,16,48,68,-20,42,"ENG",81,5
2017,14,"Watford",38,11,8,19,44,64,-20,41,"ENG",78,6
2017,15,"Brighton",38,9,13,16,34,54,-20,40,"ENG",29,0
2017,16,"Huddersfield",38,9,10,19,28,58,-30,37,"ENG",35,3
2017,17,"Southampton",38,7,15,16,37,56,-19,36,"ENG",53,0
2017,18,"Swansea",38,8,9,21,28,56,-28,33,"ENG",57,0
2017,19,"Stoke",38,7,12,19,35,68,-33,33,"ENG",59,1
2017,20,"West Brom",38,6,13,19,31,56,-25,31,"ENG",79,1
2018,1,"Manchester City",38,32,2,4,95,23,72,98,"ENG",44,1
2018,2,"Liverpool",38,30,7,1,89,22,67,97,"ENG",35,1
2018,3,"Chelsea",38,21,9,8,63,39,24,72,"ENG",46,1
2018,4,"Tottenham",38,23,2,13,67,39,28,71,"ENG",53,1
2018,5,"Arsenal",38,21,7,10,73,51,22,70,"ENG",64,2
2018,6,"Manchester United",38,19,9,10,65,54,11,66,"ENG",67,3
2018,7,"Wolves",38,16,9,13,47,46,1,57,"ENG",35,0
2018,8,"Everton",38,15,9,14,54,46,8,54,"ENG",44,3
2018,9,"Leicester",38,15,7,16,51,48,3,52,"ENG",58,7
2018,10,"West Ham",38,15,7,16,52,55,-3,52,"ENG",68,1
2018,11,"Watford",38,14,8,16,52,59,-7,50,"ENG",59,2
2018,12,"Crystal Palace",38,14,7,17,51,53,-2,49,"ENG",62,1
2018,13,"Newcastle",38,12,9,17,42,48,-6,45,"ENG",48,2
2018,14,"AFC Bournemouth",38,13,6,19,56,70,-14,45,"ENG",53,1
2018,15,"Burnley",38,11,7,20,45,68,-23,40,"ENG",67,0
2018,16,"Southampton",38,9,12,17,45,65,-20,39,"ENG",79,4
2018,17,"Brighton",38,9,9,20,35,60,-25,36,"ENG",61,5
2018,18,"Cardiff",38,10,4,24,34,69,-35,34,"ENG",32,1
2018,19,"Fulham",38,7,5,26,34,81,-47,26,"ENG",34,2
2018,20,"Huddersfield",38,3,7,28,22,76,-54,16,"ENG",56,2
2019,1,"Liverpool",38,32,3,3,85,33,52,99,"ENG",40,2
2019,2,"Manchester City",38,26,3,9,102,35,67,81,"ENG",62,2
2019,3,"Manchester United",38,18,12,8,66,36,30,66,"ENG",75,1
2019,4,"Chelsea",38,20,6,12,69,54,15,66,"ENG",59,0
2019,5,"Leicester",38,18,8,12,67,41,26,62,"ENG",47,1
2019,6,"Tottenham",38,16,11,11,61,47,14,59,"ENG",73,5
2019,7,"Wolves",38,15,14,9,51,40,11,59,"ENG",71,3
2019,8,"Arsenal",38,14,14,10,56,48,8,56,"ENG",84,3
2019,9,"Sheffield United",38,14,12,12,39,39,0,54,"ENG",40,1
2019,10,"Burnley",38,15,9,14,43,50,-7,54,"ENG",71,1
2019,11,"Southampton",38,15,7,16,51,60,-9,52,"ENG",54,3
2019,12,"Everton",38,13,10,15,44,56,-12,49,"ENG",62,4
2019,13,"Newcastle",38,11,11,16,38,58,-20,44,"ENG",59,2
2019,14,"Crystal Palace",38,11,10,17,31,50,-19,43,"ENG",55,2
2019,15,"Brighton",38,9,14,15,39,54,-15,41,"ENG",52,3
2019,16,"West Ham",38,10,9,19,49,62,-13,39,"ENG",58,1
2019,17,"Aston Villa",38,9,8,21,41,67,-26,35,"ENG",35,1
2019,18,"AFC Bournemouth",38,9,7,22,40,65,-25,34,"ENG",69,1
2019,19,"Watford",38,8,10,20,36,64,-28,34,"ENG",87,4
2019,20,"Norwich",38,5,6,27,26,75,-49,21,"ENG",38,0
